#CODE   ;SED2    ;SWMH;OTHERSWMH;SED1;VANILLA
#CODE,ENGLISH,FRENCH,GERMAN,,SPANISH,,,,,,,,,;;;;;
########################################,,,,,,,,,,,,,,;;;;;
#Norwegian,,,,,,,,,,,,,,;;;;;
########################################,,,,,,,,,,,,,,;;;;;
PROV271 ;Vestfold;Vestfold;c_vestfold;;Vestfold
PROV272 ;Vingulmark;Vingulmörk;c_akershus;;Akershus
PROV296 ;Ranrike ;Ránríki;c_viken;;Viken
PROV270 ;Telemark;Þelamørk;c_telemark;;Telemark
PROV268 ;Agder   ;Egðafylki;c_agder;;Agder
PROV274 ;Hordaland;Horðaland;c_bergenshus;;Bergenshus
PROV269 ;Ryfylke ;Rygjafylki;c_rogaland;;Rogaland
PROV391 ;Nordmøre;Norðmœri;c_nordland;;Nordland
PROV275 ;Strinda ;Strindafylki;c_trondelag;;Nidaros
PROV278 ;Hålogaland;Hálogaland;c_halogaland;;Hålogaland
PROV277 ;Namdalen;Naumdœlfylki;c_naumadal;;Naumadal
PROV389 ;Finnmark;Finnmörk;c_finnmark,Finnmárku;;Finnmark
PROV276 ;Hedmark ;Heiðmørk;c_hedmark;;Hedmark
PROV282 ;Jämtland;Jamtaland;c_jamtland;;Jämtland
PROV284 ;Härjedalen;Herjárdalr;c_herjedalen;;Herjedalen
PROV273 ;Ringerike;Hringaríki;c_oppland;;Oppland
########################################,,,,,,,,,,,,,,;;;;;
#Danish,,,,,,,,,,,,,,;;;;;
########################################,,,,,,,,,,,,,,;;;;;
PROV6   ;Blekinge;Blekyngh;c_blekinge;;Blekinge
PROV264 ;Istedsyssel;Istathesysæl;c_slesvig,Schleswig,Sleswig;;Slesvig
PROV265 ;Funen   ;Fyun;c_fyn;;Fyn
PROV266 ;North Zealand;Nørræ Syaland;c_sjaelland;;Sjælland
PROV267 ;Åbosyssel;Abosysæl;c_jylland;;Jylland
PROV302 ;Southern Halland;Syndræ Halland;c_halland;;Halland
PROV303 ;Western Scania;Væstær Skane;c_skane;;Skåne
PROV305 ;Bornholm;Burghændæholm;c_bornholm,Borgundarhólmi;;Bornholm
########################################,,,,,,,,,,,,,,;;;;;
#Swedish,,,,,,,,,,,,,,;;;;;
########################################,,,,,,,,,,,,,,;;;;;
PROV298 ;Njudung ;Njudung;c_smaland;;Värend
PROV294 ;Närke   ;Nerike;c_narke,Nerike,Nerke;;Närke
PROV297 ;Lödöse  ;Lödöse;c_vastergotland,Lødøse;;Västergötland
PROV288 ;Värmland;Värmilland;c_varmland,Vermland,Værmland;;Värmland
PROV285 ;Alir    ;Alir;c_halsingland;;Hälsingland
PROV283 ;Sunded  ;Sunded;c_medelpad;;Medelpad
PROV280 ;Norrland;Norrland;c_vasterbotten,Norlanti;;Västerbotten
PROV290 ;Tiundaland;Tiundaland;c_uppland;;Uppland
########################################,,,,,,,,,,,,,,;;;;;
#Polish,,,,,,,,,,,,,,;;;;;
########################################,,,,,,,,,,,,,,;;;;;
PROV428 ;Kujawy  ;Kujawy;c_kujawy;;Kujawy
PROV429 ;Gniezno ;Gniezno;c_gnieznienskie,Gnesen;;Gniezno
PROV430 ;Lebus   ;Lubusz;c_lubusz,Lubusz,Lubuš,Lebus;;Lubusz
PROV431 ;Poznan  ;Poznan;c_poznanskie,Posen;;Poznan
PROV432 ;Kalisz  ;Kalisz;c_kaliskie;;Kalisz
PROV435 ;Glogów  ;Glogów;c_lower_silesia,Glogau;;Upper Silesia
PROV434 ;Wroclaw ;Wroclaw;c_upper_silesia,Breslau;;Lower Silesia
PROV527 ;Krakow  ;Krakow;c_krakowskie,Krakau;;Krakow
PROV528 ;Sieradz ;Sieradz;c_sieradzko-leczyckie,Schieratz;;Sieradzko-Leczyckie
PROV530 ;Czersk  ;Czersk;c_czersk;;Czersk
PROV531 ;Sandomierz;Sandomierz;c_sandomierskie;;Sandomierz
PROV532 ;Stary Sacz;Sacz;c_sacz,Sandez;;Sacz
########################################,,,,,,,,,,,,,,;;;;;
#Balkans,,,,,,,,,,,,,,;;;;;
########################################,,,,,,,,,,,,,,;;;;;
PROV459 ;Krk     ;Krk;c_veglia,Vegl,Veglia,Kyrikon,Curicta;;Veglia
PROV460 ;Zagorje ;Zagorje;c_varadzin,Warasdin,Varasd,Varasdino,Varasdinum,Varasdinion;;Varazdin
PROV462 ;Vukovar ;Vukova;c_krizevci,Wukowar,Vlco,Mursa,Moursa;;Krizevci
PROV464 ;Lika    ;Lika;c_senj,Licca,Attienities;;Senj
PROV466 ;Podgorje;Podgorje;c_zachlumia,Zachloumia;;Zachlumia
PROV503 ;Drina Valley;Podrinje;c_hum,Drinus,Dreinos;;Hum
PROV504 ;Rama    ;Rama;c_rama;;Rama
PROV465 ;Zadar   ;Zadar;c_zadar,Jadres,Zara,Jatara,Iadera,Diadora,Jadhara;;Zadar
PROV467 ;Cetina  ;Cetina;c_split,Spalatum,Spálathos;;Split
PROV505 ;Belgrade;Belgrad;c_belgrade,Belgrád,Singidounon,Singidunum,Belgrado;;Belgrade
PROV469 ;Montenegro;Crna Gora;c_zeta,Diokleia,Dioclea,Karadag;;Zeta
PROV507 ;Kran    ;Kran;c_nikopolis,Seuthopolis,Hasat;;Nikopolis
PROV498 ;Zagore  ;Zagore;c_mesembria,Zagoria,Misivri;;Mesembria
PROV493 ;Plovdiv ;Plovdiv;c_philippopolis,Philippopolis,Philippoupolis,Filibe;;Philippopolis
PROV508 ;Preslav ;Preslav;c_dorostotum,Durostolon,Dorostorum,Stamboluk;;Dorostotum
PROV500 ;Sredets ;Sredets;c_serdica,Serdica,Sofya;;Serdica
PROV499 ;Veliko Tarnovo;Tarnovo;c_tyrnovo,Moesia Secunda,Tirnova;;Tyrnovo
PROV501 ;Niš     ;Niš;c_naissus,Nysos,Nishi,Naissus,Nisch;;Naissos
PROV471 ;Ohrid   ;Ohrid;c_ochrid,Achrída,Ohër,Lychnidus,Ohri,Ohrida;;Ohrid
PROV494 ;Edirne  ;Adrianopol;c_adrianopolis,Adrianopolis,Adrianupleos,Hadrianopolis,Edirne;;Adrianopolis
PROV468 ;Dubrovnik;Dubrovnik;c_ragusa,Ragusa,Ragusium,Raguia;;Ragusa
PROV510 ;Constanta;Konstanta;c_constantia,Konstantia,Constantia,Köstence,Constanta;;Constantia
########################################,,,,,,,,,,,,,,;;;;;
#German territories,,,,,,,,,,,,,,;;;;;
########################################,,,,,,,,,,,,,,;;;;;
PROV89  ;Kleve   ;Kleve;c_kleve,Kleef,Cléves;;Kleve
PROV120 ;Grone   ;Grone;c_gottingen;;Göttingen
PROV259 ;Lippe   ;Lippe;c_celle;;Celle
PROV311 ;Bayreuth;Bayreuth;c_plauen;;Plauen
PROV359 ;Traungau;Traungau;c_innsbruck;;Innsbruck
PROV364 ;Upper Lusatia;Oberlausitz;c_lausitz;;Lausitz
PROV448 ;Salzburg;Salzburg;c_salzburg,Iuvavum;;Salzburg
PROV457 ;Carniola;Carniola;c_krain;;Krain
PROV261 ;Stormarn;Stormarn;c_hamburg;;Hamburg
PROV248 ;Thurgau ;Thurgau;c_st_gallen;;St. Gallen
PROV249 ;Montfort;Montfort;c_schwaben;;Schwaben
PROV244 ;Zähringen;Zähringen;c_bern;;Bern
PROV447 ;Ortenburg;Ortenburg;c_passau,Batavinum;;Passau
PROV127 ;Blâmont ;Blâmont;c_lorraine;;Lorraine
PROV133 ;Vaudémont;Vaudémont;c_saintois;;Saintois
PROV117 ;Leuven  ;Leuven;c_brabant,Löwen,Louvain,Leuven;;Brabant
PROV122 ;Wertheim;Wertheim;c_leiningen;;Leiningen
PROV92  ;Antwerp ;Antwerp;c_breda,Antorf,Anvers,Antwerpen;;Breda
PROV94  ;Mons    ;Mons;c_hainaut,Bergen;;Hainaut
PROV263 ;Itzehoe ;Eselsfleth;c_holstein;;Holstein
PROV458 ;Merania ;Merania;c_istria,Merano,Meranien,Meránia,Meraniae,Meranije;;Istria
########################################,,,,,,,,,,,,,,;;;;;
#Bohemia,,,,,,,,,,,,,,;;;;;
########################################,,,,,,,,,,,,,,;;;;;
PROV438 ;Hradec Králové;Hradec;c_hradec,Hradec,Grätz;;Hradec
PROV440 ;Olomouc ;Olomouc;c_olomouc,Olomouc,Olomuniec,Olmütz;;Olomouc
PROV439 ;Plzen   ;Plzen;c_plzen,Plzen,Pilsen;;Plzen
PROV362 ;Doudleby;Doudleby;c_domazlice,Jižní Czechy,Sudböhmen;;Domazlice
PROV363 ;Litomerice;Litomerice;c_litomerice,Leitmeritz,Litomerzice;;Litomerice
PROV436 ;Klodzko ;Kladsko;c_boleslav,Kladsko,Klodsko,Glatz;;Boleslav
PROV437 ;Prague  ;Praha;c_praha,Prag,Praha;;Praha
PROV441 ;Brno    ;Boruy;c_brno,Brno,Brünn;;Brno
PROV446 ;Znojmo  ;Znojmo;c_znojmo,Znojmo,Znaym;;Znojmo
########################################,,,,,,,,,,,,,,;;;;;
#Burgundy,,,,,,,,,,,,,,;;;;;
########################################,,,,,,,,,,,,,,;;;;;
PROV229 ;Haute-Provence;Auta Provença;c_forcalquier;;Forcalquier
PROV230 ;Nice    ;Nissa;c_nice,Antipolis;;Nice
PROV228 ;Viennois;Viennois;c_dauphine_viennois,Vienna,Ouienna;;Vienne
PROV237 ;Savoy   ;Savoia;c_savoie;;Savoy
PROV135 ;Besançon;Besancon;c_besancon,Vesontio,Ouisontion;;Bourgogne
########################################,,,,,,,,,,,,,,;;;;;
#Italy,,,,,,,,,,,,,,;;;;;
########################################,,,,,,,,,,,,,,;;;;;
PROV246 ;Ticino  ;Ticino;c_grisons,Bilitio;;Grisons
PROV324 ;Cinarca ;Cinarca;c_corsica;;Corsica
PROV235 ;Milan   ;Milano;c_lombardia,Mediolanium,Mediolanion;;Lombardy
PROV347 ;Melfi   ;Melfi;c_apulia,Potentia;;Apulia
########################################,,,,,,,,,,,,,,;;;;;
#Wales,,,,,,,,,,,,,,;;;;;
########################################,,,,,,,,,,,,,,;;;;;
PROV19  ;Glywysing;Glywysing;c_glamorgan,Glywysing,Glamorgan;;Glamorgan
PROV18  ;Dyfed   ;Dyfed;c_dyfed,Dyfed,Pembroke;;Dyfed
PROV65  ;Maelor  ;Maelor;c_powys,Powys Fadog,Powis Fadog;;Powys
########################################,,,,,,,,,,,,,,;;;;;
#Hungary,,,,,,,,,,,,,,;;;;;
########################################,,,,,,,,,,,,,,;;;;;
PROV442 ;Trencín ;Trencsén;c_trencin,Trencsén,Trencín,Trentschin;;Trencín
PROV443 ;Nitra   ;Nyitra;c_nitra,Nyitra,Nitra,Neutra;;Nitra
PROV444 ;Visegrád;Visegrád;c_esztergom,Ostrihom,Gran,Aquincum,Akouinkon;;Esztergom
PROV445 ;Bratislava;Pozsony;c_pressburg,Pozsony,Prešpurk,Prešporok,Pressburg;;Pressburg
PROV450 ;Sopron  ;Sopron;c_sopron,Ödenburg,Scarabantia,Skarabantia;;Sopron
PROV451 ;Fejér   ;Fejér;c_fejer;;Fejer
PROV452 ;Tolna   ;Tolna;c_pecs,Blatnohrad,Fünfkirchen,Sopianae,Sopianai;;Pecs
PROV453 ;Csongrád;Csongrád;c_szekezfehervar,Czernohrad,Cierny hrad,Ciongrad,Stuhlweißenburg;;Szekesfehervar
PROV454 ;Zala    ;Kolon;c_vas,Eisenburg,Zelezna;;Vas
PROV517 ;Temes   ;Temes;c_temes,Temeš,Temes,Timish,Temiš,Timiš,Tymes;;Temes
PROV518 ;Bodrog  ;Bodrog;c_bacs,Bách,Baci,Batsch,Bach,Baç;;Bacs
PROV519 ;Fehér   ;Fehér;c_feher,Weißenburg,Weyssenburg,Alba de Jos,Belgrad-i Erdel;;Feher
PROV520 ;Bihar   ;Bihar;c_bihar,Bihor,Bihár;;Bihar
PROV522 ;Veszprém;Veszprém;c_pest;;Pest
PROV523 ;Heves   ;Heves;c_heves;;Heves
PROV524 ;Gyor    ;Gyõr;c_gemer,Ráb,Jura,Vjura,Raab,Arrabona;;Gemer
PROV525 ;Árva    ;Árva;c_orava,Árva,Orava,Arwa,Orawa;;Zvolen
PROV533 ;Borsod  ;Borsod;c_saris,Šariš,Scharosch;;Spis
PROV537 ;Somogy  ;Somogy;c_bereg;;Bereg
PROV538 ;Abaúj   ;Abauj;c_abauj,Abov,Abaujwar;;Abauj
PROV539 ;Szatmár ;Szatmár;c_marmaros,Sathmar,Maramures;;Marmaros
PROV540 ;Torda   ;Torda;c_szekelyfold,Thorenburg,Turda;;Szekelyföld
########################################,,,,,,,,,,,,,,;;;;;
#Sicily,,,,,,,,,,,,,,;;;;;
########################################,,,,,,,,,,,,,,;;;;;
PROV339 ;Messina ;Messina;c_messina,Messene,Massinah;;Messina
PROV340 ;Palermo ;Palermu;c_palermo,Balharm,Panormos;;Palermo
PROV341 ;Trapani ;Tràpani;c_trapani,Drepanon,Mazar;;Trapani
PROV342 ;Agrigento;Girgenti;c_agrigento,Akragas,Kerkent;;Girgenti
PROV343 ;Syracuse;Sarausa;c_siracusa,Syrakousai,Siraqusah;;Siracusa
########################################,,,,,,,,,,,,,,;;;;;
#Italy,,,,,,,,,,,,,,;;;;;
########################################,,,,,,,,,,,,,,;;;;;
PROV338 ;Gerace  ;Gerace;c_reggio,Rhegium,Rhegion;;Reggio
PROV348 ;Monte Sant’Angelo;Monte Sant'Angelo;c_foggia,Sipontum,Sepius;;Foggia
PROV337 ;Tarsia  ;Tarsia;c_consenza,Consentia,Konsentia;;Catanzaro
PROV331 ;Grosseto;Grosseto;c_piombino,Rusellae,Rhousellai;;Piombino
PROV332 ;Santa Fiora;Santa Fiora;c_orbetello;;Orbetello
PROV333 ;Rome    ;Roma;c_roma,Rhome;;Rome
PROV236 ;Susa    ;Susa;c_piemonte,Augusta Taurinorum,Augousta Taurinon;;Piemonte
PROV356 ;Venice  ;Venezia;c_venezia;;Venezia
PROV233 ;Genoa   ;Genova;c_genoa,Genua,Genoua;;Genoa
########################################,,,,,,,,,,,,,,;;;;;
#Moldavia,,,,,,,,,,,,,,;;;;;
########################################,,,,,,,,,,,,,,;;;;;
PROV545 ;Suceava ;Suceava;c_torki,Seretos,Sedschopff,Szépvásár,Suczawa;;Torki
PROV511 ;Bessarabia;Basarabia;c_galaz;;Galaz
PROV512 ;Bender  ;Tighina;c_belgorod,Bender;;Belgorod
PROV513 ;Bârlad  ;Bârlad;c_birlad,Barlád,Bariach;;Birlad
########################################,,,,,,,,,,,,,,;;;;;
#Brittany,,,,,,,,,,,,,,;;;;;
########################################,,,,,,,,,,,,,,;;;;;
PROV101 ;Rennes  ;Roazhon;c_rennes,Condate Redonum,Kondate;;Rennes
PROV102 ;Penthièvre;Turnagoued;c_penthievre;;Penthievre
PROV103 ;Léon    ;Leon;c_french_leon,Gesocribate;;Léon
PROV104 ;Cornouaille;Gernev;c_cornouaille,Vorgium,Ouorgion;;Cornouaille
PROV105 ;Vannes  ;Gwened;c_vannes,Darioritum,Darioriton;;Vannes
PROV106 ;Nantes  ;Naoned;c_nantes,Portus Namnetum;;Nantes
########################################,,,,,,,,,,,,,,;;;;;
#Aquitaine,,,,,,,,,,,,,,;;;;;
########################################,,,,,,,,,,,,,,;;;;;
PROV217 ;Auvergne;Auvèrnhe;c_auvergne;;Auvergne
PROV210 ;Foix    ;Fois;c_foix;;Foix
PROV214 ;Toulouse;Tolosa;c_toulouse,Tolosa;;Toulouse
PROV218 ;Rouergue;Roergue;c_rouergue;;Rouergue
PROV219 ;Gévaudan;Gavaudan;c_gevaudan;;Gévaudan
PROV212 ;Narbonne;Narbona;c_narbonne,Narbo Martius,Narbonesios;;Narbonne
PROV213 ;Carcassonne;Carcassona;c_carcassonne;;Carcassonne
PROV220 ;Melgueil;Melguèlh;c_montpellier;;Melgueil
PROV223 ;Vivarais;Vivarés;c_viviers;;Vivarais
PROV150 ;Albret  ;Labrit;c_albret;;Marsan
########################################,,,,,,,,,,,,,,;;;;;
#France,,,,,,,,,,,,,,;;;;;
########################################,,,,,,,,,,,,,,;;;;;
PROV112 ;Paris   ;Paris;c_ile_de_france,Lutetia,Loukotekia;;Paris
PROV132 ;Auxerre ;Auxerre;c_auxerre,Autessiodurum;;Auxerre
PROV130 ;Troyes  ;Troyes;c_champagne,Augustobona,Augoustobona;;Troyes
PROV139 ;Bourges ;Bourges;c_bourges,Avaricum;;Bourges
PROV114 ;Reims   ;Reims;c_reims,Remos;;Reims
PROV131 ;Sens    ;Sens;c_sens,Agedincum;;Sens
PROV100 ;Avranches;Avranches;c_avranches,Ingena;;Mortain
########################################,,,,,,,,,,,,,,;;;;;
#Iberia,,,,,,,,,,,,,,;;;;;
########################################,,,,,,,,,,,,,,;;;;;
PROV154 ;Asturias de Santillana;Asturias de Santillana;c_asturias_de_santillana,Sant'ianna,Santillanako Asturias,Astúries de Santillana,Asturies de Santillana,Astúrias de Santilhana,Asturies de Sainte-Julianne;;Asturias de Santillana
PROV155 ;Asturias de Oviedo;Asturias de Oviedo;c_asturias_de_oviedo,Uffiddu,Astúrias d'Oviedo,Asturies d'Uviéu,Astúries d'Oviedo,Obiedoko Asturias,Asturies d'Ouviet;;Asturias de Oviedo
PROV156 ;Trastámara;Trastámara;c_coruna,Qruniyyah,Trastamare,Trastâmara,Trastamara,Trastàmara,Brigantium,Brigantion;;Coruña
PROV158 ;Porto   ;Oporto;c_porto,Uburtu,Porto,Portu,Oporto,Porteau;;Porto
PROV165 ;Carmona ;Carmona;c_cadiz,Qarmuna,Karmona,Carmonne;;Cadiz
PROV173 ;Tortosa ;Tortosa;c_tarragona,Turtusha,Tortose,Tarraco,Tarrakon;;Tarragona
PROV174 ;Albarracín;Albarracín;c_albarracin,Aben Razin,Albarrazín,Albarrasí,Albarratzin;;Albarracin
PROV178 ;Alarcón ;Alarcón;c_la_mancha,al-Urqub,Alarcó,Alarkon,Alarcon;;La Mancha
PROV179 ;Villena ;Villena;c_almansa,Bilyana,Bilena,Vilhena,Villène;;Almansa
PROV183 ;Mérida  ;Mérida;c_aracena,Marida,Merida,Emerita Augusta,Emerita Augousta;;Aracena
PROV195 ;Talavera;Talavera;c_caceres,Talabira,Talabera,Caesarobriga,Kaisarobriga;;Caceres
PROV182 ;Seville ;Sevilla;c_sevilla,Isbiliya,Sebilla,Séville,Sevilha,Hispalis,Ispalis;;Seville
########################################,,,,,,,,,,,,,,;;;;;
#Anatolia,,,,,,,,,,,,,,;;;;;
########################################,,,,,,,,,,,,,,;;;;;
PROV701 ;        ;Tarawn;c_taron,Taron,Malazgird,Minazjird,Malazgir;;Taron
PROV702 ;        ;Khlat;c_mesopotamia,Chalata,Ahlat,Akhlât,Xelat;;Khliat
PROV703 ;        ;Yerznka;c_karin,Keltzene,Erzincan,Arzinjan,Ezirgan;;Karin
PROV704 ;        ;Karin;c_theodosiopolis,Theodosioupolis,Erzen er-Rûm,Arzan ar-Rûm,Erzîrom;;Theodosiopolis
PROV705 ;        ;Chaldia;c_chaldea,Giresun;;Chaldea
PROV735 ;        ;Marash;c_teluch,Maras,Maraš,Mar'ash,Mariscum;;Teluch
PROV734 ;        ;Ravendal;c_aintab,Ayn Tab,Hamtab;;Aintab
PROV736 ;        ;Lykandos;c_lykandos,Ablustain,Ablastayn,Elbistan;;Lykandos
PROV737 ;        ;Kaisareia;c_kaisereia,Gesaria,Césarée,Kayseriye;;Kaisereia
PROV738 ;        ;Amisos;c_amisos,Canik;;Amisos
PROV739 ;        ;Sinópe;c_sinope,Sinob;;Sinope
PROV740 ;        ;Herakleia;c_herakleia,Héraclée,Heraclea,Eregli;;Herakleia
PROV741 ;        ;Nikomedeia;c_nikomedeia,Nicomédie,Nicomedia,Niqmûdiyah,Iznikmid;;Nikomedeia
PROV742 ;        ;Prousa;c_prusa,Pruse,Prusa,Bursa;;Prusa
PROV743 ;Cyzicus ;Kyzikos;c_kyzikos,Erdek;;Kyzikos
PROV744 ;Biga    ;Troád;c_abydos,Canakkale;;Abydos
PROV745 ;        ;Smyrna;c_smyrna,Smyrne,Izmir;;Smyrna
PROV746 ;        ;Ionía;c_ephesos,Aydin;;Ephesos
PROV747 ;        ;Lykía;c_lykia,Lycie,Licia,Teke;;Lykia
PROV748 ;        ;Karía;c_laodikeia,Laodicée,Laodicea,Ladik;;Laodikeia
PROV749 ;        ;Dorylaion;c_dorylaion,Dorylée,Dorylaeum,Kütahya,Daruliyyah;;Dorylaion
PROV750 ;        ;Nikaia;c_nikaea,Nicée,Nicea,Nîqîyah,Iznik;;Nikaea
PROV751 ;        ;Paphlagonia;c_paphlagonia,Paphlagonie,Paphlagonia,Kastamoni;;Paphlagonia
PROV752 ;        ;Galatía;c_galatia,Galatie,Bozok;;Galatia
PROV753 ;        ;Ankyra;c_ankyra,Engürü;;Ancyra
PROV754 ;        ;Pisidía;c_sozopolis,Hamid;;Sozopolis
PROV755 ;        ;Attáleia;c_attaleia,Sattalie,Sattalia,Antâliyya,Atalya;;Attaleia
PROV756 ;        ;Lemesos;c_limisol,Leymosun,Limassol,Limisso;;Limisol
PROV757 ;        ;Ammokhostos;c_famagusta,Magusa,Famagouste,Famagosta;;Famagusta
PROV758 ;        ;Seleukeia;c_seleukeia,Silifke,Selewkia,Séleph;;Seleukeia
PROV759 ;        ;Ikonion;c_ikonion,Konya;;Ikonion
PROV760 ;        ;Tyana;c_tyana,Nigde;;Tyana
PROV761 ;        ;Tarsos;c_tarsos,Tarsus,Darson,Tarse;;Tarsos
PROV762 ;        ;Adana;c_adana,Atanâ;;Adana
PROV763 ;        ;Alexandrou;c_alexandretta,Al-Iskandarun,Iskenderun,Aleksandret,Alexandrette;;Alexandretta
PROV939 ;        ;Phrygía;c_polybotos,Karahisar-i Sahib;;Nile Delta
PROV941 ;        ;Amaseia;c_amasia,Amâsiyya,Amasée;;Eastern Mediterranean
PROV969 ;        ;Sision;c_sis,Kozan,Sis,Sisiya,Sisa;;Sea of Azov
PROV971 ;        ;Philadelpheia;c_philadelphia,Philadelphée,Philadelphea,Ala Šehir;;Bodensee
PROV1070;        ;Vithynion;c_vithynion,Claudiopolis,Bôlî;;Dnieper
PROV1218;        ;Sebasteia;c_sebastia,Sebasta,Sébaste,Sivas;;Alampur
PROV1219;        ;Lamotis;c_laranda,Qarâman;;Potapi
PROV1221;        ;Anemourion;c_anamur,Anamur,Stalemura,Stallimuri,Ma'muriya;;Vijayawada
PROV1982;        ;Aiolía;c_adramyttion,Edremit;;
PROV1983;        ;Mysía;c_akhyraous,Mysie,Karasi;;
PROV1984;        ;Amastris;c_amastris,Amasra;;
PROV1985;        ;Amorion;c_amorion,Amûriye;;
PROV1987;        ;Archelaïs;c_archelais,Ak Saray;;
PROV1988;        ;Skoutarion;c_chrysopolis,Chrysopolis,Crisopoli,Üsküdar;;
PROV1989;        ;Euchaita;c_eukhaita,Çorum;;
PROV1990;        ;Gangra;c_gangra,Çankiri;;
PROV1991;        ;Mesochaldia;c_mesochaldea,Gümüshane;;
PROV1992;        ;Mylasa;c_mylasa,Menteše;;
PROV1993;        ;Neokaisareia;c_neokaisareia,Néocésarée,Néoésarée,Niksar,Nikisar;;
PROV1995;        ;Nyssa;c_nyssa,Kuš Hisar;;
PROV1997;        ;Sangários;c_sangarios,Sögüt;;
PROV1998;        ;Tephrike;c_tephrike,Divrigi,Tewrik;;
PROV2000;        ;Lydía;c_thyateira,Ak Hisar;;
PROV1980;        ;Tzamandos;c_tzamandos,Sarkisla,Dzamintav;;
########################################,,,,,,,,,,,,,,;;;;;
#Syria,,,,,,,,,,,,,,;;;;;
########################################,,,,,,,,,,,,,,;;;;;
PROV765 ;        ;Berzieh;c_archa,Fâmieh,Apamée,Apameia;;Archa
PROV726 ;        ;Qasr al-Hayr al-Gharbi;c_al_mafraq;;Al Mafraq
PROV714 ;        ;Azraq;c_az_zarqa,Basienis;;Az Zarqa
PROV709 ;        ;Ar-Raqqah;c_asas,Callinicum,Kallinikos;;Asas
PROV731 ;        ;Hims;c_homs,La Chamelle,Emesa;;Homs
PROV768 ;        ;Bekaa;c_baalbek,Balbec,Heliopolis,Helioupolis;;Baalbek
PROV725 ;        ;Jaulan;c_irbid,Arbela;;Irbid
PROV728 ;        ;Ghutah;c_damascus,Damascus,Damaskos;;Damascus
PROV727 ;        ;Hauran;c_syria,Bostra;;Bostra
PROV712 ;        ;Bathaniyya;c_suwaida,Philippopolis;;Suwaida
PROV724 ;        ;Balqa;c_amman,Philadelphia,Philadelpheia,Ahamant;;Amman
PROV708 ;        ;Turbessel;c_tell_bashir,Tell Bashir,Tilbesar;;Tell Bashir
PROV723 ;        ;Jarash;c_madaba,Gerasa;;Madaba
PROV713 ;        ;Qasr al-Hayr al-Sharqi;c_druz;;Druz
PROV729 ;        ;Alqaim;c_tadmor;;Al-Sukhnah
PROV733 ;        ;Halab;c_aleppo,Beroea,Berroia,Halapia;;Aleppo
PROV722 ;        ;Elim;c_petra,Aila;;Petra
PROV769 ;        ;Toron;c_safed,Paneas,Tsfat,Safad;;Safed
PROV779 ;        ;Naples;c_beersheb,Nablus,Neapolis;;Beersheb
PROV776 ;        ;St-Abraham;c_hebron,El-Khail,Hebron,Hebrón;;Hebron
PROV782 ;        ;Negev desert;;;Negev
PROV774 ;        ;Jérusalem;c_jerusalem,Al-Quds,Kudüs,Ierosolyma,Hierosolyma;;Jerusalem
PROV781 ;        ;Darom;c_darum;;Darum
PROV786 ;        ;Jabal Katrina;c_eilat;;Eilat
PROV785 ;        ;Nekhel;c_sinai;;Sinai
########################################,,,,,,,,,,,,,,;;;;;
#Grecce,,,,,,,,,,,,,,;;;;;
########################################,,,,,,,,,,,,,,;;;;;
PROV470 ;        ;Dyrrakhiou;c_dyrrachion,Drac,Durazzo,Durazzu,Durazo,Durrës,Diraç;;Dyrrachion
PROV472 ;        ;Epeiros;c_epeiros,Epirus,Epiri,Yanyâ;;Épieros
PROV473 ;        ;Nikopolis;c_arta,Arta,Arthe,Narda;;Árta
PROV474 ;        ;Kephallenia;c_cephalonia,Cefalonia,Céphalonie,Kefalonya;;Cephalonia
PROV475 ;        ;Naupaktos;c_hellas,Lepanto,Inebahti;;Hellas
PROV476 ;        ;Achaía;c_achaia,Achaïe,Achaia,Ahaya;;Achaia
PROV477 ;        ;Messinia;c_methone,Messénie,Modon;;Methone
PROV478 ;        ;Lakonia;c_monemvasia,Chaconie,Malvasia,Monemvasija,Menekse;;Monemvasia
PROV479 ;        ;Chaneia;c_kaneia,Canea,Al-Hanim,Hanya;;Kaneia
PROV480 ;        ;Khándax;c_chandax,Candie,Candia,Khandaq,Kandiye;;Chandax
PROV481 ;        ;Korinthos;c_korinthos,Corinthe,Coranto,Korint,Gördes;;Korinthos
PROV482 ;        ;Attika;c_atheniai,Athènes,Atene,Atenes,Atina;;Atheniai
PROV483 ;        ;Dodekánisa;c_rhodos,Rhodes,Rodi,Rodos;;Rhodos
PROV484 ;Cyclades;Kykládes;c_naxos,Kiklad,Nasso;;Naxos
PROV485 ;        ;Euripos;c_euboia,Négrepont,Negroponte,Nigrepont,Eubeja,Egriboz;;Euboia
PROV486 ;Chios   ;Chios;c_chios,Sakiz;;Chios
PROV487 ;Aegean Islands;Nisia Aigaiou;c_lesbos,Lesbos,Midilli;;Lesbos
PROV488 ;        ;Demetrias;c_demetrias,Dimitrias,Mitre,Golos;;Demetrias
PROV489 ;        ;Thessalía;c_thessalia,Tessaglia,Thessalie,Tessália,Tesalya;;Thessalia
PROV490 ;        ;Thessaloníke;c_thessalonike,Thessalonique,Tessalonica,Solun,Selânik;;Thessalonike
PROV491 ;        ;Chalkidike;c_chalkidike,Halkidikya;;Chalkidike
PROV492 ;        ;Strymonos;c_strymon,Syar,Ser,Serez;;Strymon
PROV495 ;Gallipoli;Kallipolis;c_kaliopolis,Gelibolu;;Kaliopolis
PROV496 ;Constantinople;Konstantinoupolis;c_byzantion,Miklagarðr,Carzihrad,Tsargrad,al-Qustantiniyah,Kostantiniye,Konstantinusesburg;;Constantinople
PROV497 ;        ;Thráke;c_thrake,Trakija,Trakya;;Thrake
PROV1014;Corfu   ;Kérkyra;c_corfu,Corfú,Corfu,Krf,Körfuz;;Coast of Asturias
PROV1528;        ;Megále Vlachia;c_upper_wallachia,Tirhala,Megalovlahija;;
PROV1986;        ;Arkadia;c_arcadia,Arcadie,Arcadia,Tripoliçe;;
PROV1994;        ;Neai Patrai;c_neopatras,Neopatras,Neopatrie,Neopatria,Patracik;;
PROV1996;Tekirdag;Raidestos;c_rhadestos,Rodoscuk,Rodosto;;
PROV1999;        ;Boiotía;c_thebai,Estives,Stivas,Istife;;
PROV1981;        ;Verroia;c_veria,Ber,Karaferye;;
########################################,,,,,,,,,,,,,,;;;;;
#Arabia,,,,,,,,,,,,,,;;;;;
########################################,,,,,,,,,,,,,,;;;;;
PROV716 ;        ;Dumat al-Jundal;c_ar_ar;;Shaka
PROV717 ;        ;Mawijan;c_al_jawf;;Al Jawf
PROV865 ;        ;Talabija;c_rafha;;Rafha
PROV720 ;        ;Al-Ula;c_hijaz;;Hijaz
PROV654 ;        ;Subala;c_rummah;;Rummah
########################################,,,,,,,,,,,,,,;;;;;
#Rhos,,,,,,,,,,,,,,;;;;;
########################################,,,,,,,,,,,,,,;;;;;
PROV414 ;        ;Novgorod;c_novgorod,Holmgarðr;;Novgorod
PROV412 ;        ;Torzhok;c_torzhok;;Torzhok
PROV409 ;        ;Ladoga;c_bezhetsky_verh,Aldeigjuburgh,Aldeigjuborg;;Ladoga
PROV404 ;        ;Tudozerskij;c_zaozerye;;Zaozerye
PROV413 ;        ;Pskov;c_pskov;;Pskov
PROV415 ;        ;Luki;c_velikiye_luki;;Luki
PROV408 ;        ;Beloozero;c_beloozero;;Belo Ozero
PROV406 ;        ;Vologda;c_vologda;;Vologda
PROV570 ;        ;Tver;c_tver;;Tver
PROV571 ;        ;Uglich;c_uglich;;Uglich
PROV574 ;        ;Rostov;c_rostov,Ráðstofa;;Rostov
PROV572 ;        ;Yaroslavl;c_yaroslavl;;Yaroslavl
PROV407 ;        ;Kostroma;c_kostroma;;Kostroma
PROV583 ;        ;Suzdal;c_suzdal,Súrsdalar;;Suzdal
PROV582 ;        ;Vladimir;c_vladimir;;Vladimir
PROV573 ;        ;Perejaslavl'-Zalesskij;c_pereyaslavl_zalessky;;Pereyaslavl Zalessky
PROV402 ;        ;Veliky Ustug;c_veliky_ustug;;Veliky Ustug
PROV586 ;        ;Galich Mersky;c_galich_mersky;;Galich Mersky
PROV584 ;        ;Nizhny Novgorod;c_nizhny_novgorod;;Nizhny Novgorod
PROV585 ;        ;Gorodets-Radilov;c_gorodez;;Gorodez
PROV580 ;        ;Riazan';c_ryazan;;Ryazan
PROV578 ;        ;Kolomna;c_kolomna;;Kolomna
PROV577 ;        ;Pronsk;c_pronsk;;Pronsk
PROV581 ;        ;Murom;c_murom,Móramar;;Murom
PROV575 ;        ;Moskva;c_moskva;;Moskva
PROV587 ;        ;Mozajsk;c_mozhaysk;;Mozhaysk
PROV419 ;        ;Polotsk;c_polotsk,Pallteskja;;Polotsk
PROV417 ;        ;Vitebesk;c_vitebsk;;Vitebsk
PROV550 ;        ;Minsk;c_minsk;;Minsk
PROV547 ;        ;Kiev;c_kiev,Kœnugarðr;;Kiev
PROV544 ;        ;Ros’;c_korsun;;Korsun
PROV555 ;        ;Perejaslavl;c_pereyaslavl;;Pereyaslavl
PROV568 ;        ;Smolensk;c_smolensk,Smaleskja;;Smolensk
PROV551 ;        ;Mstislavl;c_mstislavl;;Mstislavl
PROV418 ;        ;Krasen;c_orsha;;Orsha
PROV410 ;        ;Toropec;c_toropets;;Toropets
PROV569 ;        ;Viazma;c_vyazma;;Vyazma
PROV552 ;        ;Turov;c_turov;;Turov
PROV548 ;        ;Pinsk;c_pinsk;;Pinsk
PROV424 ;        ;Volkovysk;c_jacwiez;;Grodno
PROV567 ;        ;Novgorod Seversky;c_novgorod_seversky;;Novgorod Seversky
PROV554 ;        ;Chernigov;c_chernigov;;Chernigov
PROV553 ;        ;Lyubech;c_lyubech;;Lyubech
PROV576 ;        ;Briansk;c_bryansk;;Bryansk
PROV536 ;        ;Halych;c_galich;;Galich
PROV534 ;        ;Peremyshl;c_peremyshl;;Peremyshl
PROV549 ;        ;Berestye;c_beresty;;Beresty
PROV425 ;        ;Belsk;c_podlasie;;Podlasie
PROV546 ;        ;Terebovl;c_terebovl;;Terebovl
########################################,,,,,,,,,,,,,,;;;;;
#Finland,,,,,,,,,,,,,,;;;;;
########################################,,,,,,,,,,,,,,;;;;;
PROV387 ;        ;Olonec;c_kola;;Kola
PROV382 ;        ;Finland;c_finland,Suomi;;Suomi
PROV381 ;        ;Nyland;c_nyland,Uusimaa;;Uusimaa
PROV392 ;        ;Kexholm;c_kexholm,Käkisalmi,Korela;;Käkisalmi
PROV383 ;        ;Tavastland;c_tavasts,Häme,Yam;;Häme
PROV384 ;        ;Satakunda;c_satakunta,Satakunta;;Satakunta
PROV390 ;        ;Savolax;c_savolaks,Savo;;Savo
PROV386 ;        ;Kvänland;c_kemi,Kænlandi,Cwenaland,Kainuu;;Kemi
PROV385 ;        ;Österbotten;c_osterbotten,Pohjanmaa;;Pohjanmaa
########################################,,,,,,,,,,,,,,;;;;;
#Pomerania,,,,,,,,,,,,,,;;;;;
########################################,,,,,,,,,,,,,,;;;;;
PROV367 ;        ;Schlawe-Stolp;c_slupsk,Slupsk-Slavno,Slupsk-Slawno,Slëpsk-Slowno;;Slupsk
PROV308 ;        ;Gützkow;c_wolgast,Volgast,Wologoszcz,Hologost,Volhast,Waløgost;;Wolgast
PROV304 ;        ;Rügen;c_rugen,Rujána,Rugia,Rana,Rugye,Rygen;;Rügen
########################################,,,,,,,,,,,,,,;;;;;
#Baltics,,,,,,,,,,,,,,;;;;;
########################################,,,,,,,,,,,,,,;;;;;
PROV369 ;        ;Chelmno;c_chelminskie,Kulmas,Kulm;;Chelmno
PROV370 ;        ;Warmia;c_marienburg,Ermland,Warmia,Varmia,Varmé;;Marienburg
PROV371 ;        ;Sambi;c_sambia,Samland,Sambija,Sambi;;Sambia
PROV372 ;        ;Karšuva;c_memel,Karschow;;Memel
PROV373 ;        ;Vredecuren;c_kurs,Vanema;;Kurzeme
PROV374 ;        ;Opemele;c_zemigalians,Upmale;;Zemgale
PROV375 ;        ;Tholowa;c_lettigalians,Tãlava,Lettgallen,Lotygolia,Lotowa;;Liivimaa
PROV377 ;        ;Saccalia;c_livs,Sakala,Sackele;;Läänemaa
PROV379 ;        ;Ugaunia;c_dorpat,Ugandi,Ugaunija,Uggenois;;Tartu
PROV420 ;        ;Lietuva;c_aukshayts;;Vilnius
PROV421 ;        ;Žëmaitëjë;c_zhmud,Sameiten;;Samogitia
PROV422 ;        ;Skalva;c_scalovia,Skalowia,Schalauen;;Scalovia
PROV423 ;        ;Sùduva;c_sudovia,Sudauen;;Trakai
PROV426 ;        ;Dainava;c_yatvyagi;;Yatvyagi
PROV427 ;        ;Galindia;c_galindia,Galinden,Galindowie,Galindie,Galinda;;Galindia
PROV416 ;        ;Rositten;c_west_dvina,Rëzne,Rzezyca;;Latgale
PROV378 ;        ;Harria;c_reval,Hæriæ,Harria,Harju,Harrien;;Kalevan
PROV380 ;        ;Vironia;c_narva,Virland,Virumaa,Viruzeme,Wierland;;Narva
PROV376 ;        ;Osilia;c_osel,Øsel,Ösel,Eysýsla,Oysl,Saarenmaa,Saaremaa,Sãmsala;;Saaremaa
########################################,,,,,,,,,,,,,,;;;;;
#Africa-Maghreb,,,,,,,,,,,,,,;;;;;
########################################,,,,,,,,,,,,,,;;;;;
PROV816 ;        ;Mahdîya;c_mahdia,Thapsus;;Mahdia
PROV817 ;        ;Tunis;c_tunis,Carthago,Karchedon;;Tunis
PROV818 ;        ;Súsa;c_medjerda,Hadrumetum;;Medjerda
PROV819 ;        ;Banzart;c_bizerte,Hippo Diarrhytus,Hippo Diarrhytos;;Bizerte
PROV820 ;        ;Búna;c_annaba,Hippo Regius;;Annaba
PROV821 ;        ;Qustantiniyya;c_constantine,Cirta;;Constantine
PROV822 ;        ;Bidjâya;c_bejaija,Saldae,Saldai;;Bejaija
PROV823 ;        ;Biskra;c_biskra,Vescera;;Biskra
PROV824 ;        ;Tabna;c_tell_atlas,Lambaesis;;Tell Atlas
PROV825 ;        ;Jîjil;c_beni_yanni,Igilgili;;Beni Yanni
PROV828 ;        ;Bou Sa'ada;c_ouled_nail,Dimmidi;;Ouled Nail
PROV829 ;        ;Al-Aghwat;c_mzab;;Mzab
PROV830 ;        ;Achir;c_lemdiyya,Auzia;;Lemdiyya
PROV831 ;        ;Al-Jazâir;c_al_djazair,Iol Caesarea;;Al Djazair
PROV832 ;        ;Wahrân;c_orania,Siga;;Orania
PROV833 ;        ;Tâhart;c_atlas_mnt,Ala Miliaria;;Atlas Mnt
PROV834 ;        ;Tilimsân;c_tlemcen;;Tlemcen
PROV835 ;        ;Hunayn;c_hanyan;;Hanyan
PROV836 ;        ;Tanas;c_snassen,Cartenna;;Snassen
PROV837 ;        ;Figuig;c_figuig;;Figuig
PROV838 ;        ;El-Rîf;c_el_rif;;El Rif
PROV839 ;        ;Sebta;c_cebta,Septem;;Cebta
PROV840 ;        ;Fâs;c_fes,Volubilis;;Fes
PROV841 ;        ;Tandja;c_tangiers,Tingis;;Tangier
PROV842 ;        ;Ribât al-Fath;c_infa,Anfus;;Infa
PROV843 ;        ;Marrâkush;c_marrakech;;Marrakech
PROV844 ;        ;Asfî;c_massat;;Massat
PROV845 ;        ;Tinmallâl;c_anti-atlas;;Anti-Atlas
PROV846 ;        ;Ifni;c_ifni;;Taroudant
PROV847 ;        ;Tarúdant;c_tharasset;;Tamdoult
PROV849 ;        ;Gran Canaria;c_canarias,Gran Canaria,Tamãran;;Canarias
########################################,,,,,,,,,,,,,,;;;;;
#Ireland,,,,,,,,,,,,,,;;;;;
########################################,,,,,,,,,,,,,,;;;;;
PROV5   ;        ;Antrim;c_ulster,Aontroim;;Ulster
PROV7   ;        ;Louth;c_oriel,Lughbhaidh,Lú,Lhoo,Loth;;Oriel
PROV8   ;        ;Leitrim;c_breifne,Liatroim,Lheeahtrim,Leitrim;;Breifne
PROV9   ;        ;Mayo;c_connacht,Maigh Eo,Mageo;;Connacht
PROV12  ;        ;Kilkenny;c_ossory,Chill Chainnigh,Kilkanice,Cheeill Chennee;;Ossory
PROV13  ;        ;Clare;c_thomond,An Chláir,An Chláire,Yn Chlaair;;Thomond
PROV14  ;        ;Kerry;c_desmond,Ciarraighe,Chiarraí,Cheree;;Desmond
PROV15  ;        ;Waterford;c_ormond,An Déise,Veðrafjorðr,Wæterford;;Ormond
PROV16  ;        ;Wexford;c_leinster,Loch Garman,Veisafjorð,Waesfjord;;Leinster
########################################,,,,,,,,,,,,,,;;;;;
#Iceland and other stuff,,,,,,,,,,,,,,;;;;;
PROV1   ;        ;Vesturland;c_vestisland;;Vestisland
PROV2   ;        ;Austurland;c_austisland;;Austisland
PROV33  ;        ;Færeyar;c_faereyar;;Færeyar
PROV34  ;        ;Hjaltland;c_shetland,Hjaltland;;Shetland
PROV35  ;        ;Suðreyar;c_innse_gall,Sgitheanach,Skye,Skíð;;The Hebrides
PROV36  ;        ;Orkneyar;c_orkney,Arcaibh;;Orkney
PROV37  ;        ;Katanes;c_caithness,Cataibh,Sutherland,Suþland,Suðrland;;Caithness
########################################,,,,,,,,,,,,,,;;;;;
#England,,,,,,,,,,,,,,;;;;;
########################################,,,,,,,,,,,,,,;;;;;
PROV57  ;        ;West York Ridding;c_york,Jorvík,Eoforwic,Efrog,Ebrauc,Évèroui,Eboracum,Eborakon;;York
#Egypt,,,,,,,,,,,,,,;;;;;
########################################,,,,,,,,,,,,,,;;;;;
PROV789 ;        ;Ushmún Tannâh;c_pelusia,Thennisus,Thennesos;;Pelusia
PROV790 ;        ;Quzlum;c_sarqihya,Clysma,Klysma;;Sarqihya
PROV791 ;        ;Qusayr;c_quena,Myos Hormos;;Quena
PROV797 ;        ;Manúf;c_manupura,Athribis;;Manupura
PROV798 ;        ;Dimyât;c_delta,Tamiathis;;Damietta
PROV799 ;        ;Nastarâwa;c_gabiyaha,Bolbitinum,Bolbitinon,Rosette,Rosetta;;Gabiyaha
PROV800 ;        ;Gîza;c_gizeh,Memphis;;Gizeh
PROV801 ;        ;Hawf Gharbî;c_buhairya,Hermopolis;;Buhairya
PROV802 ;        ;Iskandarîya;c_alexandria;;Alexandria
PROV803 ;        ;Sîwa;c_quattara,Ammonium,Ammonion;;Quattara
PROV804 ;        ;Sullum;c_al_alamayn,Paraetonium,Paraitonion;;Al Alamayn
PROV805 ;        ;Tubrúk;c_tobruk,Antipyrgus,Antipyrgos;;Tobruk
PROV806 ;        ;Darna;c_cyrenaica,Darnis;;Cyrenaica
PROV807 ;        ;Awjîla;c_senoussi,Augila;;Senoussi
PROV808 ;        ;Barqa;c_benghazi,Cyrene,Kyrene;;Benghazi
########################################,,,,,,,,,,,,,,;;;;;
#Abyssinia,,,,,,,,,,,,,,;;;;;
########################################,,,,,,,,,,,,,,;;;;;
PROV873 ;        ;Adal;c_harer;;Harer
PROV876 ;        ;Sera'é;c_akordat;;Akordat
PROV878 ;        ;Bâdi;c_hayya;;Hayya
PROV882 ;        ;Damot;c_ankober;;Ankober
PROV883 ;        ;Dembiya;c_gondar;;Gondar
PROV884 ;        ;Amhara;c_antalo;;Antalo
PROV885 ;        ;Agaw;c_matamma;;Matamma
########################################,,,,,,,,,,,,,,;;;;;
#Persia and Central Asia,,,,,,,,,,,,,,;;;;;
########################################,,,,,,,,,,,,,,;;;;;
PROV621 ;        ;Buzachi;c_buzachi;;Kangly
PROV622 ;        ;Sighnaq;c_sighnaq;;Turkestan
PROV623 ;        ;Kerder;c_kerder,Kerder;;Aral
PROV624 ;        ;Mangyshlak;c_mangyshlak;;Mangyshlak
PROV625 ;        ;Ust-Yurt;c_ustyurt;;Usturt
PROV626 ;        ;Khwarezm;c_kath;;Khiva
PROV627 ;        ;Kara-Kum;;;Kara-Kum
PROV628 ;        ;Bukhara;c_bukhara;;Bukhara
PROV629 ;        ;Farâva;c_farava;;Konjikala
PROV630 ;        ;Merv;c_merv,Antiochia Margiana,Antiokheia Margiane;;Merv
PROV631 ;        ;Dehestân;c_dihistan;;Dihistan
PROV632 ;        ;Tus;c_tus,Tusa;;Tus
PROV633 ;        ;Gurgân;c_gurgan;;Gurgan
PROV634 ;        ;Nishâpur;c_nishapur;;Nishapur
PROV635 ;        ;Qohistân;c_qohistan;;Qohistan
PROV636 ;        ;Lut;;;Lut
PROV637 ;        ;Sîstân;c_sistan;;Sistan
PROV638 ;        ;Yazd;c_yazd;;Yazd
PROV639 ;        ;Kermân;c_kerman;;Kerman
PROV640 ;        ;Sîrjân;c_sirjan;;Sirjan
PROV641 ;        ;Hormuz;c_hormuz;;Hormuz
PROV642 ;        ;Larestan;c_larestan;;Larestan
PROV643 ;        ;Mandistan;c_mandistan;;Fars
PROV644 ;        ;Shiraz;c_shiraz;;Shiraz
PROV645 ;        ;Arrajan;c_arrajan;;Hendjan
PROV646 ;        ;Isfahan;c_esfahan;;Esfahan
PROV647 ;        ;Idhaj;c_idhaj,Susa,Sousa;;Ahvaz
PROV648 ;        ;Ahwaz;c_ahwaz;;Khozistan
PROV658 ;        ;Hamadan;c_hamadan,Ecbatana,Ekbatana;;Hamadan
PROV659 ;        ;Qom;c_qom;;Qom
PROV660 ;        ;Kúmis;c_kumis;;Qwivir
PROV661 ;        ;Ruyan;c_ruyan;;Tabaristan
PROV662 ;        ;Mazandaran;c_mazandaran;;Mazandaran
PROV663 ;        ;Rayy;c_rayy,Rhagae,Ragai;;Rayy
PROV664 ;        ;Kazvîn;c_qazwin;;Qazwin
PROV665 ;        ;Kharraqan;c_kharraqan;;Dailam
PROV666 ;        ;Gilan;c_gilan;;Gilan
PROV689 ;        ;Igharayn;c_igharayn,Antiochia in Media,Antiokheia tes Medias;;Ilam
PROV852 ;        ;Zamindavar;c_zamindavar;;Zahedan
PROV853 ;        ;Jiruft;c_jiruft;;Bam
PROV854 ;        ;Makran;c_makran;;Jask
PROV887 ;        ;Sarisu;c_sarisu;;Yamalia
PROV893 ;        ;Turgay;c_turgay,Turgay;;Sibir
PROV894 ;        ;Mashkél;c_mashkel;;Saravan
PROV897 ;        ;Irgiz;c_irgiz;;Inder
PROV898 ;        ;Sibir;c_sibir;;Tobol
PROV899 ;        ;Pandjgúr;c_pandjgur;;Tis
PROV900 ;        ;Jand;c_jand;;Syr Darya
PROV901 ;        ;Kyzyl-Kum;;;Kyzyl-Kum
PROV902 ;        ;Harazasp;c_harazasp;;Dashhowuz
PROV903 ;        ;Samarkand;c_samarqand,Maracanda,Marakanda;;Samarkand
PROV904 ;        ;Balkh;c_balkh,Bactra,Baktra;;Balkh
PROV905 ;        ;Bâdghîs;c_badghis,Alexandria in Ariana,Alexandreia Areion;;Herat
PROV906 ;        ;Rivshârân;c_rivsharan;;Birjand
PROV907 ;        ;Biyâr;c_biyar;;Mandesh
########################################,,,,,,,,,,,,,,;;;;;
#Steppes,,,,,,,,,,,,,,;;;;;
########################################,,,,,,,,,,,,,,;;;;;
PROV541 ;        ;Podolya;c_peresechen,Podole,Podolí,Ponyzziye,Ponyzzia,Podolia,Podólia;;Peresechen
PROV542 ;        ;Yedisan;c_olvia,Jedysan,Jedisan,Beloberezhye,Beloberezhia,Edisanas,Troullos;;Olvia
PROV543 ;        ;Boh;c_oleshye,Aq-Su,Ak-Su,Koubou;;Oleshye
#,,,,,,,,,,,,,,;;;;;
PROV556 ;        ;Aq Samar;c_chortitza,Ak Samar,Tsagaan Samar,Sneporod;;Chortitza
PROV558 ;        ;Özü;c_lower_dniepr,Slavutych,Özi,Var,Danapris,Danaper,Dnepra,Nipru,Barouch;;Lower Dniepr
#,,,,,,,,,,,,,,;;;;;
PROV557 ;        ;Tokmak;c_lukomorie,Lukomorye,Lucomoria,Lukomorzí,Lukomoria,Gerrhus;;Lukomorie
PROV559 ;        ;Qirim;c_crimea,Krym,Krymas,Taurike;;Crimea
#,,,,,,,,,,,,,,;;;;;
PROV563 ;        ;Orel;c_lower_don,Erel',Ugol,Orel;;Lower Don
PROV596 ;        ;Vorskla;c_tana,Worskla,Vorskla,Vor'skol;;Tana
#,,,,,,,,,,,,,,;;;;;
PROV565 ;        ;Duna-Jük;c_sharukan,Šarukan',Chidmas;;Sharukan
PROV594 ;        ;Sharkel;c_sarkel,Aspron Hospition,Belaja Veža,Sharkil,Sarqhal,Sharkil';;Sarkel
PROV566 ;        ;Uda;c_sugrov,Doniec,Donecas,Buzan-Jük,Donel',Šugr';;Sugrov
#,,,,,,,,,,,,,,;;;;;
PROV597 ;        ;Azaq;c_azov,Tana,Buzan,Jazy,Azak,Azow,Azova,Azov,Tanais,Tanakvísl,Tanaiskvísl,Asow;;Azov
PROV599 ;        ;Cuba;c_kuban,Psizch,Kubá,Kubány,Kubana,Kubán,Kuban,Oukrouch,Vardanus;;Kuban
#,,,,,,,,,,,,,,;;;;;
PROV605 ;        ;Ugru;c_manych,Manych,Manycz;;Manych
PROV606 ;        ;Yegorlyk;c_yegorlyk;;Yegorlyk
PROV607 ;        ;Sarpa;c_sarpa;;Sarpa
PROV619 ;        ;Saray;c_saray,Akhtuba,Sarai;;Saray
#,,,,,,,,,,,,,,;;;;;
PROV562 ;        ;Kerch;c_korchev,Karcha,Bospor,Vosporo,Vospor,Korchev,Korczev;;Korchev
PROV598 ;        ;Tamatarkha;c_tmutarakan,Tamanas,Tamatarxa,Tmutarakan,Matrega,Samkarsh,Matrika,Hermonassa;;Tmutarakan
#,,,,,,,,,,,,,,;;;;;
PROV604 ;        ;Kuma;c_kuma;;Kuma
PROV620 ;        ;Itil;c_itil,Etil,Idhel,Jul,Ejil,Edil,Idil,Atil,Sari-Su,Atel,Vl'ga,Volha;;Itil
PROV675 ;        ;Semender;c_semender,Zabender,Msndr,Samandar;;Semender
#,,,,,,,,,,,,,,;;;;;
PROV618 ;        ;Saray-Jük;c_guryev;;Atyrau
PROV895 ;        ;Yaik;c_yaik;;Yaik
PROV896 ;        ;Op;c_aqtobe;;Aqtobe
#,,,,,,,,,,,,,,;;;;;
PROV602 ;        ;Cherkezistan;c_kasogs,Kassogye,Kassogia,Kassogie,Kasachia,Kaisihi,K'ašaget'i,Kæsægia,Cherkisiaia,Cherkisia,Tcherkezistan,Sircasaa;;Kasogia
#,,,,,,,,,,,,,,;;;;;
PROV595 ;        ;Terk;c_don_portage,Terch,Terk,Lomeki,Arm,Terka;;Don-Portage
#PROV1697,Malkhicho,Malkhicho,Malkhicho,,Malkhicho,,,,,,,,,x;;;;;
PROV603 ;        ;Alania;c_alania,Ovset'i,Alauni,Al-Lan,Aslar,Aslär;;Alania
#,,,,,,,,,,,,,,;;;;;
PROV564 ;        ;Vskol';c_desht-i-kipchak,Oskolas,Esen;;Desht-i-Kipchak
PROV608 ;        ;Qaratatyak;c_lower_volga,Voronežas,Woronesch,Voronež;;Lower Volga
#,,,,,,,,,,,,,,;;;;;
PROV891 ;        ;Suar;c_tyumen,Suvar;;Tyumen
PROV613 ;        ;Bilär;c_bilyar,Bilir,Büler;;Bilyar
PROV610 ;        ;Bolgar;c_bulgar,Bulgar;;Bolghar
PROV614 ;        ;Ashli;c_ashli,Oshel,Ošel,Ishlë;;Ashli
PROV611 ;        ;Qazan;c_qazan,Kazan';;Qazan
#,,,,,,,,,,,,,,;;;;;
PROV609 ;        ;Syrt;c_syrt,Obshchiy Syrt,Tëp Särt,Töp Sirt;;Syrt
PROV890 ;        ;Samar;c_khantia,Samara;;Khantia
PROV617 ;        ;Usens;c_uzens,Qaraösen;;Uzen
#,,,,,,,,,,,,,,;;;;;
PROV591 ;        ;Alatyr';c_mountain_cheremisa,Rator,Alatyris,Ulatär;;Cheremisa
PROV590 ;        ;Sura;c_chuvash,Šur,Sär,Siri;;Chuvash
#,,,,,,,,,,,,,,;;;;;
PROV592 ;        ;Barysh;c_burtasy,Baryshas,Barish;;Burtasy
PRVO593 ;        ;Khoper;;;
PROV579 ;        ;Moksha;c_mordva,Mäqshä,Mukshi,Muqshi,Jov;;Mordva
#,,,,,,,,,,,,,,;;;;;
PROV615 ;        ;Aghidhel;c_bashkirs,Belaya,Biala,Belá,Bielá;;Bashkiria
PROV616 ;        ;Haqmar;c_pecheneg,Sakmar;;Pecheneg
#,,,,,,,,,,,,,,;;;;;
########################################,,,,,,,,,,,,,,;;;;;
#Perm and Bjarmia,,,,,,,,,,,,,,;;;;;
########################################,,,,,,,,,,,,,,;;;;;
PROV886 ;        ;Viser;c_perm,Pasar,Višera;;Perm
PROV612 ;        ;Otš;c_votyaki,Iž,Ij;;Votyaki
PROV892 ;        ;Polum;c_mansia,Pelym;;Mansia
PROV889 ;        ;Chusovaya;c_ural,Çusovaya;;Ural
PROV401 ;        ;Vice;c_hlynov,Vyatka,Nukhrat,Noqrat;;Hlynov
PROV589 ;        ;Vütla;c_grassland_cheremisa,Vetluga;;Kerzhenets
PROV588 ;        ;Šošma;c_merya,Shushma;;Mari
PROV888 ;        ;Inva;c_komi;;Komi
PROV398 ;        ;Mozyn;c_ugra,Mezen;;Ugra
PROV395 ;        ;Výnva;c_north_dvina,Dviná,Dwina,Dvina,Viena;;Dvina
PROV396 ;        ;Pinega;c_bjarmia;;Bjarmia
PROV400 ;        ;Ežva;c_zyriane,Vychegda,Viçegda;;Zyriane
PROV399 ;        ;Jemva;c_syrj,Vym;;Syrj
PROV397 ;        ;Ižva;c_samoyeds,Ižma;;Saamod
PROV394 ;        ;Pomorye;c_trans-portage;;Pomorye
PROV405 ;        ;Vaga;c_chud;;Chud
PROV403 ;        ;Latša;c_romny,Lacha;;Romny
PROV393 ;        ;Änine;c_onega,Onega,Äänis;;Ääninen
