#CODE;;ENGLISH;;ENGLISH
########################;;;;
#HRE;;;;
#######################;;;;
e_hre;Holy Roman Empire;Heiliges Römisches Reich;;Holy Roman Empire
e_hre_adj;Imperial;Kaiserliche;;Holy Roman
k_germany;Germany;Deutschland;;
k_germany_adj;German;Deutsche;;
k_lotharingia;Lotharingia;Lotharingen;;Lotharingia
k_lotharingia_adj;Lotharingian;Lotharingi;;Lotharingian
#Lower Lothringa;;;;
k_lower_lorraine;Lower Lorraine;Niederlothringen;Neder Lotharingen,Niederlothringen,Basse Lotharingie;Lower Lorraine
k_lower_lorraine_adj;Lower Lorrainian;Niederlothringische;;Lower Lorraine
d_julich;Jülich;Jülich;;Jülich
d_julich_adj;Jülich;Jülichische;;Jülichian
d_limburg;Limburg;Limburg;Limbourg;Limburg
d_limburg_adj;Limburg;Limburgse;;Limbürgish
d_berg;Jülich-Cleves-Berg;Jülich-Kleve-Berg;Juliers-Cléves-Berg,Gulik-Kleef-Berg;Jülich-Kleve-Berg
d_berg_adj;Lower Rhenish;Niederrheinische;;Jülich-Klevian
d_koln;Cologne;Köln;Keulen,Cologne;Cologne
d_koln_adj;Cologne;Kölsche;;Colognian
d_liege;Liège;Liége;Lüttich,Luik,Liége;Liege
d_liege_adj;Liège;liégeois;;Liegian
d_hainaut;Hainaut;Hainaut;Hennegau,Henegouwen;Hainaut
d_hainaut_adj;Walloon;Wallon;;Wallonian
#Saxony;;;;
k_saxony;Saxony;Sachsen;;Saxony
k_saxony_adj;Saxon;Sächsische;;Saxon
d_lubeck;Lübeck;Lübeck;Lybæk,Lybäck,Liubice,Lubeka,Lubek;Lübeck
d_lubeck_adj;Lübeck;Lübeckische;;Lübeckish
d_oldenburg;Lower Saxony;Niedersachsen;;Lower Saxony
d_oldenburg_adj;Lower Saxon;Niedersächsischer;;Lower Saxon
d_holstein;Holstein;Holstein;;Holstein
d_holstein_adj;Holstein;Holsteinische;;Holsteinian
d_brunswick;Brunswick-Lüneburg;Braunschweig-Lüneburg;;Braunschweig-Lüneburg
d_brunswick_adj;Brunswick;Braunschweigische;;Braunschweigian
d_brandenburg;Brandenburg;Nordmark;Branibór,Braniborz,Brennaburg,Brenna;Nordmark
d_brandenburg_adj;Brandenburg;Nordmärkisch;;Nordmarkian
d_bishopmunster;Münster;Münster;;Münster
d_bishopmunster_adj;Münster;Münstersche;;Münsterian
d_osnabruck;Osnabrück;Osnabrück;;Osnabrück
d_osnabruck_adj;Osnabrück;Osnabrückische;;Osnabrückish
d_magdeburg;Magdeburg;Magdeburg;;Magdeburg
d_magdeburg_adj;Magdeburg;Magdeburgische;;Magdeburgish
d_bremen;Bremen;Bremen;;Bremen
d_bremen_adj;Bremian;Bremische;;Bremish
d_saxewittenberg;Saxe-Wittenberg;Sachsen-Wittenberg;;Saxony-Wittenberg
d_saxewittenberg_adj;Saxon;Sächsische;;Saxon
d_altmark;Altmark;Altmark;;Altmark
d_altmark_adj;Altmark;Altmärkische;;Altmärkische
d_angria;Angria;Engern;;
d_angria_adj;Angrian;Engerische;;
#Bavaria;;;;
k_bavaria;Bavaria;Baiern;;Bavaria
k_bavaria_adj;Bavarian;Bairische;;Bavarian
d_nuremberg;Nuremberg;Nürnberg;;Nürnberg
d_nuremberg_adj;Nuremberg;Nürnbergische;;Nürnberger
d_nordgau;Nordgau;Nordgau;;Nordgau
d_nordgau_adj;Nordgau;Nordgauische;;Nordgauian
d_tyrol;Tyrol;Tirol;;Tyrol
d_tyrol_adj;Tyrolean;Tirolische;;Tyrolian
d_niederbayern;Lower Bavaria;Niederbaiern;Rhaetia Secunda,Rhaitia Secunda;Niederbaiern
d_niederbayern_adj;Lower Bavarian;Niederbairische;;Niederbairische
d_salzburg;Salzburg;Salzburg;Iuvavum;Salzburg
d_salzburg_adj;Salzburger;Salzburgische;;Salzburgian
d_osterreich;Austria;Österreich;Noricum Ripense;Austria
d_osterreich_adj;Austrian;Österreichische;;Austrian
d_oberbayern;Upper Bavaria;Oberbaiern;Rhaetia Prima,Rhaitia Prima;Upper Bavaria
d_oberbayern_adj;Upper Bavarian;Oberbaierisch;;Upper Bavarian
###########;;;;
#Carinthia;;;;
k_carinthia;Carinthia;Kärnten;;Carinthia
k_carinthia_adj;Carinthian;Kärntenische;;Carinthian
d_styria;Styria;Steiermark;;Styria
d_styria_adj;Styrian;Steierisch;;Styrian
d_istria;Istria;Istra;Istrien,Isztria,Histria,Istra,Istrie,Istria;Istra
d_istria_adj;Istrian;Istrian;;Istrian
#####;;;;
#Franconia;;;;
k_franconia;Franconia;Franken;;Franconia
k_franconia_adj;Franconian;Fränkische;;Franconian
d_hessen;Hesse;Hessen;;
d_hessen_adj;Hessian;Hessische;;
d_rheinfranken;Rhenish Franconia;Rheinfranken;;Rhenish Franconia
d_rheinfranken_adj;Rhenish Franconian;Rheinfränkische;;Rhenish
d_mainz;Mainz;Mainz;;Mainz
d_mainz_adj;Mainz;Mainzische;;Mainzian
d_wurzburg;Eastern Franconia;Ostfranken;;Ostfranken
d_wurzburg_adj;Eastern Franconian;Ostfränkische;;Ostfrankish
d_thuringia;Thuringia;Thüringen;;
d_thuringia_adj;Thuringian;Thüringische;;
d_bamberg;Bamberg;Bamberg;;Bamberg
d_bamberg_adj;Bamberg;Bambergische;;Bambergian
#Upper Lorraine;;;;
k_upper_lorraine;Lorraine;Oberlothringen;Opper Lotharingen,Oberlothringen,Haute Lotharingie;Upper Lorraine
k_upper_lorraine_adj;Lorrainian;Oberlothringische;;Upper Lorraine
d_barleduc;Bar;Bar;;Bar
d_barleduc_adj;;Barrois;;Lotharingian
d_upper_lorraine;;Lothringen;Lorreinen,Lothringen,Lorraine;Moselle
d_upper_lorraine_adj;;Lothringische;;Moselle
d_trier;Trèves;Trier;Trèves;Trier
d_trier_adj;;Trierische;;Trierian
d_zurich;Zürich;Zürichgau;;Zürichgau
d_zurich_adj;;Zürchische;;Zürch
d_pfalz;Electoral Palatinate;Pfalzgrafschaft bei Rhein;Paltsgraafschap aan de Rijn,Pfalzgrafschaft bei Rhein,Comté Palatinat du Rhin;Rhine Palatinate
d_pfalz_adj;;Pfälzische;;Palatian
#Swabia;;;;
k_schwaben;Swabia;Schwaben;;Swabia
k_schwaben_adj;Swabian;Schwäbische;;Swabian
d_burgau;Burgau;Burgau;;Burgau
d_burgau_adj;;Burgauische;;Burgauer
d_zahringen;Zähringen;Zähringen;;Zähringen
d_zahringen_adj;;Zähringische;;Zähringern
d_teck;Teck;Teck;;Teck
d_teck_adj;;Schwäbische;;Swabian
d_chur;;Chur;Curia;Chur
d_chur_adj;;Churische;;Swabian
d_augsburg;;Augsburg;;
d_augsburg_adj;;Augsburgische;;
#Frisia;;;;
k_frisia;;Fryslân;Fresland,Friesland,Frise,Frieslaand;
k_frisia_adj;;Fryske;;
d_frisia;;Friesland;Fresland,Friesland,Frise,Freesland;Frisia
d_frisia_adj;;Friese;;Frisian
d_utrecht;Utrecht;Utrecht;Utert;Utrecht
d_utrecht_adj;;Utrechtse;;Utrechtian
#Burgundy;;;;
k_burgundy;;Bourgogne;Burgund;Burgundy
k_burgundy_adj;;Bourguignon;;Burgundian
d_upper_burgundy;Upper Burgundy;Haute Bourgogne;;Upper Burgundy
d_upper_burgundy_adj;;Bourguignon;;Upper Burgundian
d_lyon;Lyon;Lyon;Lugdunum,Lougdounon;Lyon
d_lyon_adj;;Lyonnaise;;Lyonais
d_aosta;Aosta;Aosta;;Aosta
d_aosta_adj;Savoyard;Savoyard;;Savoyard
d_basel;Basel;Basel;;Basel
d_basel_adj;;Baslerische;;Swiss
d_arles;;Arles;Arelate;Arle
d_arles_adj;;Arlésien;;Occitan
d_provence;Provence;Provença;;Provence
d_provence_adj;;Provençal;;Provencal
d_susa;;Piemonte;Alpes Cottiae;Piemont
d_susa_adj;;Piemontese;;Piemontese
#Bohemia;;;;
k_bohemia;Bohemia;Czechy;;Bohemia
k_bohemia_adj;Bohemian;Ceský;;Bohemian
d_moravia;;Morawske;Morava,Morawa,Mähren;Moravia
d_bohemia;Bohemia;Czeske;Böhmen,Czechy;Moravian
#################;;;;
#Greater Hungary;;;;
#################;;;;
e_hungary;;Magyarország;;Etelköz
e_hungary_adj;;Magyar;;Etelközian
#Wallachia and Moldova;;;;
k_wallachia;Wallachia;Wallachia;;Wallachia
k_wallachia_adj;Vlach;Wallachian;;Wallachian
d_oltenia;Oltenia;Oltenia;;Oltenia
d_oltenia_adj;Oltenian;Oltenian;;Oltenian
d_wallachia;Muntenia;Muntenia;;Mutenia
d_wallachia_adj;Muntenian;Muntenian;;Mutenian
k_moldau;Moldova;Moldova;;Moldova
k_moldau_adj;Moldovan;Moldovenesc;;Moldovian
d_moldau;Upper Country;Tara de Sus;;Moldova
d_moldau_adj;Moldovan;Moldovenesc;;Moldovian
d_basarabia;Lower Country;Tara de Jos;;Bassarabia
d_basarabia_adj;Moldovan;Moldovenesc;;Bassarabian
#Hungary;;;;
k_hungary;;Magyarország;Uhersko,Wegry,Ungarn;Hungary
k_hungary_adj;Hungarian;Magyar;;Hungarian
d_esztergom;;Visegrád;Ostrihom,Gran,Pannonia Valeria;Visegrád
d_csanad;;Csanád;Tschanad;Csanád
d_csanad_adj;Csanád;Csanádian;;Csanádian
d_bacs;Bács;Bács;;Bács
d_bacs_adj;Bács;Bácsian;;Bácsian
d_pecs;;Somogyország;Balaton,Fünfkirchen,Pannonia Prima;Pecs
d_pecs_adj;Somogy;Somogyországian;;Pecsian
d_esztergom_adj;Esztergom;Esztergomite;;Esztergomian
d_temes;Temes;Temes;;Temes
d_temes_adj;Temes;Temesite;;Temesite
d_ungvar_adj;Uzhhorod;Ungvaran;;Ungvaran
d_pest;Bihar;Biharország;;Pest
d_pest_adj;Bihar;Biharországian;;Pestian
d_transylvania;Transylvania;Erdélyország;;Transsylvania
d_transylvania_adj;Transylvanian;Erdélyországian;;Transsylvanian
d_nyitra;Nyitra;Nyitraország;Nyitra,Nitra,Neutra;Nyitra
d_nyitra_adj;Nyitra;Nyitraországian;;Nyitrian
d_ujavar;Abaúj;Újavár;;Újavár
d_ujavar_adj;Abaúj;Újavárian;;Újavárian
d_gyor;;Gyõr;Ráb,Jura,Vjura,Raab,Pannonia Scarabantia,Pannonia Skarabantia;Gyõr
d_gyor_adj;Gyor;Gyõrian;;Gyõrian
d_syrmia;;Srem;Pannonia Secunda,Syrmia,Sriem,Syrmien,Segedín,Szerém,Sirem;Syrmia
d_syrmia_adj;Syrmian;Srem;;Syrmian
#Croatia;;;;
k_croatia;;Hrvatska;Illyricum,Illyrikon;Croatia
k_croatia_adj;Croatian;Hrvatski;;Croatian
d_croatia;Croatia;Hrvatska;;Croatia
d_croatia_adj;Croatian;Hrvatski;;Croat
d_dalmatia;Dalmatia;Dalmacija;;
d_dalmatia_adj;Dalmatian;Dalmacijan;;
d_krk;Krk;Krk;Vegl,Veglia,Kyrikon,Curicta;Veglia
d_krk_adj;Krk;Krku;;Veglian
d_dalmatian_islands;Hvar;Hvar;Lesina,Pharos,Pharina;Lesina
d_dalmatian_islands_adj;Hvar;Hvaru;;Lesinan
#Bosnia;;;;
k_bosnia;Bosnia;Bosna;;Bosnia
k_bosnia_adj;Bosnian;Bosanci;;Bosnian
d_bosnia;Bosnia;Bosna;;Bosnia
d_bosnia_adj;Bosnian;Bosanci;;Bosnian
#####################;;;;
#Italy;;;;
e_italy;Italy;Italia;;Italy
e_italy_adj;Italian;Italiano;;Italian
#Lombardy;;;;
k_italy;;Lombardia;Italia Annonaria,Annonaria;Lombardia
k_italy_adj;Italian;Lombardian;;Lombardian
d_aquileia;Friuli;Friùli;;Friùli
d_aquileia_adj;Friulan;Friulano;;Friulian
d_modena;;Modena e Reggio;Mutina,Moutine;Modena-Reggio
d_modena_adj;Modena;Modenan;;Modenan
d_lucca;;Lucca;Luca,Louka;Lucca
d_lucca_adj;Luccan;Luccan;;Luccan
d_mantua;;Mantua;Mantoua;Mantua
d_mantua_adj;Mantuan;Mantuian;;Mantuian
d_parma;;Parma;Aemilia;Parma
d_parma_adj;Parmese;Parmese;;Parmese
d_savona;Savona;Savona;;Savona
d_savona_adj;Savonese;Savonian;;Savonian
d_monferrato;Montferrat;Monferrato;;Monferrato
d_monferrato_adj;Montferrat;Monferratian;;Monferratian
d_toscana;;Toscana;Tuscia;Toscana
d_toscana_adj;Tuscan;Toscanan;;Toscanan
d_como;Como;Como;;Como
d_como_adj;Como;Comoan;;
d_lombardia;Milan;Milan;;Milan
d_lombardia_adj;;Milanese;;Lombardian
d_genoa;Genoa;Genova;;Genoa
d_genoa_adj;Genoese;Genovesan;;Genovese
#Sardinia;;;;
k_sardinia;Sardinia;Corsicae et Sardiniae;;Corsica and Sardinia
k_sardinia_adj;Sardinian;Sardinian;;Corse-Sardinian
d_corsica;;Corsica;Corsicae,Korsís;Corsica
d_corsica_adj;;Corsa;;Corsican
#Venice;;;;
k_venice;Venice;Venezia;;Venice
k_venice_adj;Venetian;Veneti;;Venetian
d_venice;Venice;Venezia;;Venice
d_venice_adj;Venetian;Veneto;;Venetian
#Sankt Peter;;;;
k_patrimoniumpetri;;Patrimonium Sancti Petri;Exarchatus Ravennatis,Exarchos Ravenna;Patrimonium of St. Peter
k_patrimoniumpetri_adj;Ravenna;Sanctimonialis;;Patrimonian
d_ancona;;Marche;Picenum Suburbicarum,Pikentine;Marche
d_ancona_adj;Marche;Marchian;;Marchian
d_ravenna;;Ravenna;Flaminia et Picenum;Ravenna
d_ravenna_adj;Romagna;Romagnian;;Ravennese
d_urbino;;Urbino;Umbria,Umbrike;Urbino
d_urbino_adj;Urbino;Urbinian;;Urbinian
#Siciliy;;;;
k_sicily;;Sicilia;Suburbicaria,Italías;Sicily
k_sicily_adj;Sicilian;Siciliani;;Sicilian
d_tarent;Taranto;Principato di Taranto;;Taranto
d_tarent_adj;Tarantino;Tarantian;;Tarantian
d_loritello;Loritello;Loritello;;Loritello
d_loritello_adj;Loritello;Loritellan;;Loritellan
d_napoli;;Napoli;Neapolis;Naples
d_napoli_adj;Neapolitan;Napolian;;Napolitan
d_sicily;;Sicilia;Sikelias,Siqilliyah;Sicilia
d_sicily_adj;Sicilian;Siciliani;;Sicilian
d_apulia;;Puglia;Apulia et Calabria,Longobardias;Apulia
d_apulia_adj;Apulian;Pugliani;;Apulian
d_alvito;;Alvito;Samnium,Samnitis;Alvito
d_alvito_adj;Alvito;Alvitian;;Alvitian
####################;;;;
#Poland-Lithuanian commonwealth;;;;
e_poland;Polish–Lithuanian Commonwealth;Polska-Lietuva;;Poland-Lithuania
e_poland_adj;Polish–Lithuanian;Polski-Lietuvo;;Polish-Lithuanian
#Poland;;;;
k_poland;Poland;Polska;Pulinaland;Poland
k_poland_adj;Polish;Polski;;Polish
d_greater_poland;;Wielkopolska;Posen;Greater Poland
d_greater_poland_adj;Greater Polish;Wielkopolskie;;Greater Polish
d_lesser_poland;Lesser Poland;Malopolska;;Lesser Poland
d_lesser_poland_adj;Lesser Polish;Malopolskie;;Lesser Polish
d_mazovia;Mazovia;Mazowsze;;Mazovia
d_mazovia_adj;Mazovian;Mazowieckie;;Mazovian
d_kuyavia;Kujawy;Kujawy;;Kuyavia
d_kuyavia_adj;Kujawy;kujawsko;;Kuyavian
d_silesia;Silesia;Slask;;Silesia
d_silesia_adj;Silesian;Slaski;;Silesian
d_sieradzko-leczyckie;Sieradz-Leczyca;Sieradz-Leczyca;;Sieradz-Leczyca
d_sieradzko-leczyckie_adj;Sieradz;Sieradzko;;Sieradzko
#Lithuania;;;;
k_lithuania;Lithuania;Lietuva;;Lithuania
k_lithuania_adj;Lithuanian;Lietuvos;;Lithuanian
d_trakai;;Trakai;Troki,Trokaj,Traken;
d_trakai_adj;Trakai;Trakaian;;
d_prussia;Prussia;Prusa;;Prussia
d_prussia_adj;Prussian;Prusiskan;;Prussian
d_lithuanians;Lithuania;Lietuva;;Lietuva
d_lithuanians_adj;Lithuanian;Lietuvos;;Lietuvos
#################;;;;
#France;;;;
#################;;;;
e_france;France;France;;France
e_france_adj;French;Français;;Frankish
#Aquitaine;;;;
d_aquitaine;Aquitaine;Aquitània;;Aquitaine
d_aquitaine_adj;;Aquitain;;Occitan
d_auvergne;Auvergne;Auvèrnhe;;Auvergne
d_auvergne_adj;Auvergne;Auvèrnhenan;;Auvergnian
d_limousin;Limousin;Lemosin;;Limousin
d_limousin_adj;Limousin;Lemosinan;;Limousain
d_toulouse;Toulouse;Tolosa;Tolosa;Toulouse
d_toulouse_adj;Toulouse;Tolosa;;Toulousian
d_septimania;Septimania;Septimania;;Septimania
d_septimania_adj;Septimanian;Septimania;;Septimanian
d_archberry;Berry;Berry;;Berry
d_archberry_adj;;Berrichon;;Berrian
d_foix;Pyrenees;Pirenèus;;Foix
d_foix_adj;Pyrenean;Pirenèusen;;Foix
d_gevaudan;Gévaudan;Gévaudan;;Gévaudan
d_gevaudan_adj;Gévaudan;Gévaudan;;Gévaudan
#France;;;;
d_poitou_adj;;Poitevin;;Poitou
d_archreims;Reims;Reims;Remos;Reims
d_archreims_adj;Reims;Reims;;Reimsian
d_champagne;Champagne;Champagne;;Champagne
d_champagne_adj;Champagne;Champagne;;Champagne
d_burgundy;Burgundy;Bourgogne;;Burgundy
d_burgundy_adj;Burgundian;Bourguigon;;Burgundian
d_artois;Artois;Artois;Artesië;Artois
d_artois_adj;;Artoisien;;Artoisian
d_alencon;Alençon;Alençon;;Alençon
d_alencon_adj;;Alençonne;;Alençonian
d_blois;Blois;Blois;;Blois
d_blois_adj;;Blésois;;Bloisan
d_rethel;Rethel;Rethel;;Rethel
d_rethel_adj;;Rethélois;;Rethelian
d_nevers;d_nevers_adj;Nevers;;Nevers
d_nevers_adj;;Nivernais;;Nerversian
d_bourbon_adj;Bourbon;Bourbon;;Bourbon
#Brittany;;;;
k_brittany;Brittany;Breizh;Bertangaland;Brittany
k_brittany_adj;Breton;Brezhoneg;;Breton
d_brittany;;Breizh;Bertangaland;Upper Brittany
d_brittany_adj;;Brezhoneg;;Upper Breton
k_saxonengland;England;Englaland;;Ængland
k_saxonengland_adj;English;Ænglisc;;Ænglisch
k_sahara;Sahara;Sahara;;Sahara
k_sahara_adj;Saharan;Saharan;;Saharan
d_sahara;Sahara;Sahara;;Sahara
d_sahara_adj;Saharan;Saharan;;Saharan
k_antioch;;Antioche;Awasim,Principatus Antiochenus,Antiócheias;Antioch
k_antioch_adj;Antiochene;Antiochean;;Antiochean
d_germanias;the Brotherhoods;Germanias;;Germanias
d_germanias_adj;Germanies;Germaniasian;;Germaniasian
d_diyareast;Diyar Rabi'a;Diyar Rabi'a;;Diyar Rabi'a
d_diyareast_adj;Rabi`ah;Rabian;;Rabian
d_jazira;;Diyar Mudar;Euphratensis;Diyar Mudar
d_jazira_adj;;Mudaran;;Mudaren
d_homs;;Hims;Syria Salutaris;Homs
d_homs_adj;Homsi;Himsan;;Homsian
d_jordan;;al-Urdunn;Arabia Prima;al-Urdunn
d_jordan_adj;Jordanian;al-Urdunnan;;al-Urdunnan
d_damascus;;Dimashq;Phoenice Libanensis;Damascus
d_damascus_adj;Damascene;Dimashqan;;Damascus
d_aleppo;;Qinnasrin;Syria Prima;Aleppo
d_aleppo_adj;Qinnasrin;Qinnasrinan;;Aleppan
k_syria;;Al-Sham;Oriens;Syria
k_syria_adj;Syrian;Al-Shaman;;Syrian
k_aljazira;;Al Jazira;Assyria;Al Jazira
k_aljazira_adj;Upper Mesopotamian;Jaziran;;Jaziran
d_antioch;Antioch;Principauté d'Antioche;Jund 'Awasim,Ducate Antioch,Ducate Antiok;Antioch
d_antioch_adj;Antiochene;Antiochean;;Antiochean
#######################;;;;
#Iberian peninsula;;;;
#######################;;;;
e_spain;Spain;España;Isbaniyya,Espainia,Espanya,España,Espanha,Espagne;
e_spain_adj;Spanish;Española;;
k_portugal;Portugal;Portugal;Burtughal,Lusitania,Lysitania;Portugal
k_portugal_adj;Portuguese;Portuguesa;;Portuguese
d_beja;Alentejo;Alentejo;Taghr al-Adna,Alentiexu,Oltratacho,Alentexo,Alenteix,Loin-du-Tage;Alentejo
d_beja_adj;Alentejo;Alentejana;;Alentejan
d_algarve;Algarve;Algarve;al-Gharb,Algarbe;Algarve
d_algarve_adj;Algarve;Algarvia;;Algarvian
d_beira;Beira;Beira;Qulumriyah,Beire;Beira
d_beira_adj;Beira;Beiroa;;Beiroan
d_portucale;Portugal;Portucale;;Portucale
d_portucale_adj;Portuguese;Portucalense;;Portucalense
k_aragon;Aragon;Aragón;Aragu'un,Aragó,Aragoi,Aragão,Aragon,Tarraconensis,Tarrakonesia;Aragón
k_aragon_adj;Aragonese;Aragonesa;;Aragonese
k_castille;Castile;Castilla;al-Qila,Gaztela,Castella,Castiella,Castela,Castille;Castile
k_castille_adj;Castilian;Castellana;;Castilian
k_leon;León;León;al-Uyun,Llión,Lleó,Leão,Leyón,Gallaecia,Kallaikia;León
k_leon_adj;Leonese;Leonesa;;Leonese
k_navarra;Navarre;Navarra;Bashkiyya,Nafarroa,Navarre;Navarra
k_navarra_adj;Navarrese;Navarra;;Navarrese
d_navarra;Navarre;Navarra;Bashkiyya,Nafarroa,Navarre;Navarra
d_navarra_adj;Navarrese;Navarra;;Navarrese
k_andalusia;Al-Andalus;Al-Andalus;Carthaginiensis;Al-Andalus
k_andalusia_adj;Andalusi;Andalusí;;Andalusian
d_castilla;Castille;Castilla;al-Qila,Gaztela,Castella,Castiella,Castela,Castille;Castile
d_castilla_adj;Castilian;Castellana;;Castilian
d_leon;León;León;al-Uyun,Llión,Lleó,Leão,Leyón;León
d_leon_adj;Leonese;Leonesa;;Leonese
d_aragon;Aragon;Aragón;Aragu'un,Aragó,Aragoi,Aragão,Aragon;Aragón
d_aragon_adj;Aragonese;Aragonesa;;Aragonese
d_catalunya_nova;Catalunya Nova;Catalunya Nova;Turtusha,Katalunia Berria,Cataluña Nueva,Cataluña Nova,Catalunha Nova,Catalunya Nova,Nouvelle Catalogne,Tarraco,Tarrakon;Catalunya Nova
d_catalunya_nova_adj;Catalan;Catalana;;Catalan
d_catalunya_vella;Catalunya Vella;Catalunya Vella;;Catalunya Vella
d_catalunya_vella_adj;Catalan;Catalana;;Catalan
d_la_mancha;La Mancha;La Mancha;al-Mányà,La Manxa,Mantxa,A Mancha,Mancha;La Mancha
d_la_mancha_adj;La Mancha;Manchega;;Manchian
d_cordoba;Córdoba;Córdoba;Qurtubah,Còrdova,Cordoba,Kordoba,Córduba,Cordoue,Córdova,Corduba,Kordyba;Córdoba
d_cordoba_adj;Córdoba;Cordobesa;;Cordoban
d_badajoz;Estremadura;Extremadura;Balad al-Iawz,Badaxoz,Badalhouce;Extremadura
d_badajoz_adj;Extremaduran;Extremeña;;Extremaduran
d_galicia;Galicia;Galicia;Galisiyya,Galice,Galiza,Galizia,Galícia,Gallaecia,Kallaikia;Galicia
d_galicia_adj;Galician;Gallega;;Galician
d_granada;Granada;Granada;Gharnaatah,Grenade,Iliberri,Illiberis;Granada
d_granada_adj;Granadan;Granadina;;Granadine
d_mallorca;Majorca;Mallorca;Mayurqa,Maiorka,Maiorca,Majorque;Mallorca
d_mallorca_adj;Majorcan;Mallorquina;;Mallorquin
d_murcia;Murcia;Murcia;Mursiya,Múrcia,Murtzia,Murcie;Murcia
d_murcia_adj;Murcian;Murciana;;Murcian
d_najera;Nájera;Nájera;Náxara,Naiara,Nàxera,Náxera,Nachera,Najéra;Nájera
d_najera_adj;Nájera;Najerina;;Najerin
d_ribatejo;Ribatejo;Ribatejo;Belatha,Ribatexo,Ribatiexu,Ribatacho,Rivière-du-Tage;Ribatejo
d_ribatejo_adj;Ribatejo;Ribatejana;;Ribatejan
d_salamanca;Salamanca;Salamanca;al-Mantiqa,Salamanque;Salamanca
d_salamanca_adj;Salmantinian;Salmantina;;Salmantin
d_segovia;Segovia;Segovia;Siqubiyyah,Segobia,Segòvia,Segóvia,Ségovie,Segovia,Segoubia;Segovia
d_segovia_adj;Segovian;Segoviana;;Segovian
d_sevilla;Seville;Sevilla;Isbiliya,Sebilla,Séville,Sevilha,Hispalis,Ispalis;Sevilla
d_sevilla_adj;Sevillan;Sevillana;;Sevillan
d_teruel;Teruel;Teruel;Tirwal;Teruel
d_teruel_adj;Teruel;Turolense;;Turolens
d_toledo;Toledo;Toledo;Tulaytulah,Tolède,Toletum,Toleton;Toledo
d_toledo_adj;Toledo;Toledana;;Toledan
d_valencia;Valencia;Valencia;Balansiyya,València,Balentzia,Valência,Valence,Valentia,Oualentia;Valencia
d_valencia_adj;Valencian;Valenciana;;Valencian
d_zaragoza;;Zaragoza;Saraqusta,Saragossa,Saragoça,Saragosse,Caesaraugusta,Kaisaraugousta;Zaragoza
d_zaragoza_adj;Zaragozan;Zaragozana;;Zaragozan
###################;;;;
#Sahara;;;;
###################;;;;
d_tuat;Tuat;Tuat;;Tuat
d_tuat_adj;Tuat;Tuatí;;Tuatí
d_mzab;;Mzab;Gaetulia;Mzab
d_mzab_adj;Mozabite;Mzabi;;Mzabi
d_hoggar;Hoggar;Hoggar;;Hoggar
d_hoggar_adj;Hoggar;Hoggari;;Hoggari
d_fezzan;;Fezzan;Garamantia;Fezzan
d_fezzan_adj;Fezzan;Fezzani;;Fezzani
d_tibesti;Tibesti;Tibesti;;Tibesti
d_tibesti_adj;Tibesti;Tibesti;;Tibesti
d_kawar;Kaouar;Kawar;;Kawar
d_kawar_adj;Kaouar;Kawari;;Kawari
d_air;Aïr;Air;;Air
d_air_adj;Aïr;Airi;;Airi
d_insalah;In Salah;In Salah;;In Salah
d_insalah_adj;In Salah;In Salah;;In Salah
d_ghadames;Ghadames;Ghadamès;;Ghadamès
d_ghadames_adj;Ghadames;Ghadamès;;Ghadamès
d_tekkada;Takedda;Tekkeda;;Tekkeda
d_tekkada_adj;Takedda;Tekkeda;;Tekkeda
d_agades;Agadez;Agadez;;Agadez
d_agades_adj;Agadez;Agadez;;Agadez
d_ghat;Ghat;Ghat;;Ghat
d_ghat_adj;Ghat;Ghat;;Ghat
d_bilma;Bilma;Bilma;;Bilma
d_bilma_adj;Bilma;Bilma;;Bilman
d_gasaga;Gasga;Gasga;;Gasga
d_gasaga_adj;Gasga;Gasga;;Gasgan
d_elfasher;Al-Fashir;El Fasher;;El Fasher
d_elfasher_adj;Al-Fashir;El Fasher;;El Fasher
d_dongola;Dongola;Dongola;;Dongola
d_dongola_adj;Dongola;Dongola;;Dongolan
d_roufra;Kufra;Roufra;;Roufra
d_roufra_adj;Kufra;Roufra;;Roufran
d_awlil;Awlil;Awlil;;Awlil
d_awlil_adj;Awlil;Awlil;;Awlil
k_insalah;In Salah;In Salah;;In Salah
k_insalah_adj;In Salah;In Salah;;In Salah
k_ghadames;Ghadames;Ghadamès;;Ghadamès
k_ghadames_adj;Ghadames;Ghadamès;;Ghadamès
k_tekkada;Takedda;Tekkeda;;Tekkeda
k_tekkada_adj;Takedda;Tekkeda;;Tekkeda
k_agades;Agadez;Agadez;;Agadez
k_agades_adj;Agadez;Agadez;;Agadez
k_ghat;Ghat;Ghat;;Ghat
k_ghat_adj;Ghat;Ghat;;Ghat
k_bilma;Bilma;Bilma;;Bilma
k_bilma_adj;Bilma;Bilma;;Bilman
k_gasaga;Gasga;Gasga;;Gasga
k_gasaga_adj;Gasga;Gasga;;Gasgan
k_elfasher;Al-Fashir;El Fasher;;El Fasher
k_elfasher_adj;Al-Fashir;El Fasher;;El Fasher
k_dongola;Dongola;Dongola;;Dongola
k_dongola_adj;Dongola;Dongola;;Dongolan
k_roufra;Kufra;Roufra;;Roufra
k_roufra_adj;Kufra;Roufra;;Roufran
k_awlil;Awlil;Awlil;;Awlil
k_awlil_adj;Awlil;Awlil;;Awlil
####################;;;;
#Levant;;;;
####################;;;;
#Antioch;;;;
d_acre;;Acre;Akka,Tyrus,Tyros;Acre
d_acre_adj;Acre;Acrean;;Acrean
d_ascalon;Jaffa and Ascalon;Jaffa-Ascalon;;Jaffa-Ascalon
d_ascalon_adj;Jaffa;Jaffan;;Jaffan
d_galilee;;Principauté de Galilée;Al-Jalil,Palaestina Secunda;Galilee
d_galilee_adj;;Palaestinian;;Galilean
#Rhos;;;;
k_novgorod;Veliky Novgorod;Novgorod;Holmgarðr;Novgorod
k_novgorod_adj;;Novgorodskiy;;Novgorodskiy
d_novgorod;;Novgorod;Holmgarðr;Novgorod
d_novgorod_adj;Novgorodian;Novgorodskiy;;Novgorodskiy
d_pskov;Pskov;Pskov;;Pskov
d_pskov_adj;Pskovian;Pskovskiy;;Pskovskiy
d_russa;Staraya Russa;Rusa;;Rusa
d_russa_adj;Staraya Russa;Rusaskiy;;Rusaskiy
d_beloozero;;Beloozero;;Beloozero
d_beloozero_adj;Belozersk;Beloozeroskiy;;Beloozeroskiy
k_vladimir;Vladimir;Vladimir;;Vladimir
k_vladimir_adj;Vladimir;Vladimirskiy;;Vladimirskiy
d_tver;Tver;Tver;;Tver
d_tver_adj;Tver;Tverskiy;;Tverskiy
d_rostov;Rostov;Rostov;Ráðstofa;Rostov
d_rostov_adj;Rostov;Rostovskiy;;Rostovskiy
d_vladimir;Suzdal;Suzdal;Súrsdalar;Suzdal
d_vladimir_adj;Suzdal;Suzdalskiy;;Suzdalskiy
d_ustyg;Veliky Ustyug;Ustyg;;Ustyg
d_ustyg_adj;Ustyug;Ustygskiy;;Ustygskiy
d_nizhny_novgorod;Nizhny Novgorod;Nizovye;;Nizhny Novgorod
d_nizhny_novgorod_adj;Nizhny Novgorod;Nizovskiy;;Nizhny Novgorodskiy
d_ryazans;Ryazan;Rjanz;;Rjanz
d_ryazans_adj;Ryazan;Rjanzskiy;;Rjanzskiy
d_murom;Murom;Murom;Móramar;Murom
d_murom_adj;Murom;Muromskiy;;Muromskiy
d_upper_oka;Oka River;Oka;;Oka
d_upper_oka_adj;Oka;Okaskiy;;Okaskiy
d_moskva;Moscow;Moskva;;Moskva
d_moskva_adj;Muscovite;Moskvaskiy;;Moskvaskiy
k_polotsk;Polotsk;Polotsk;Pallteskja;Polotsk
k_polotsk_adj;Polotsk;Polotskskiy;;Polotskskiy
d_polotsk;Polotsk;Polotsk;Pallteskja;Polotsk
d_polotsk_adj;Polotsk;Polotskskiy;;Polotskskiy
d_minsk;Minsk;Minsk;;Minsk
d_minsk_adj;Minsk;Minskskiy;;Minskskiy
k_ruthenia;;Kiev;Kœnugarðr;
k_ruthenia_adj;;Kievskiy;;
d_kiev;Kiev;Kiev;Kœnugarðr;Kiev
d_kiev_adj;Kievan;Kievskiy;;Kievskiy
d_pereyaslavl;Pereyaslavl;Perejaslavl;;Perejaslavl
d_pereyaslavl_adj;Pereyaslavl;Perejaslavlskiy;;Perejaslavlskiy
d_smolensk;Smolensk;Smolensk;Smaleskja;Smolensk
d_smolensk_adj;Smolensk;Smolenskskiy;;Smolenskskiy
d_toropec;Toropets;Toropec;;Toropec
d_toropec_adj;Toropets;Toropecskiy;;Toropecskiy
d_turov;Turov;Turov;;Turov
d_turov_adj;Turov;Turovskiy;;Turovskiy
d_novgorod-seversk;Severia;Sivershchyna;;Sivershchyna
d_novgorod-seversk_adj;Severian;Sivershchynaskiy;;Sivershchynaskiy
d_chernigov;Chernigov;Chernigov;;Chernigov
d_chernigov_adj;Chernigov;Chernigovskiy;;Chernigovskiy
d_novosil;Verkhovye;Verhovye;;Okskoye Verkhovye
d_novosil_adj;Verkhovye;Verhovskiy;;Novosilskiy
k_galicia;Galicia–Volhynia;Halych-Volyn;;Halych-Volyn
k_galicia_adj;Galician–Volhynian;Halych-Volynskiy;;Halych-Volynskiy
d_galich;Galicia;Halych;;Halych
d_galich_adj;Galician;Halychskiy;;Halychskiy
d_volhynia;Volhynia;Volyn;;Volyn
d_volhynia_adj;Volhynian;Volynskiy;;Volynskiy
d_belz;Belz;Belz;;Belz
d_belz_adj;Belz;Belzskiy;;Belzskiy
d_zvenyhorod;Zvenigorod;Zvenigorod;;Zvenigorod
d_zvenyhorod_adj;Zvenigorod;Zvenigorodskiy;;Zvenigorodskiy
d_podlaise;Podlachia;Podlyashe;;Podlyashe
d_podlaise_adj;Podlachian;Podlyasheskiy;;Podlyasheskiy
e_russia;Kievan Rus';Rus;Garðaríki;Rhos
e_russia_adj;Rus';Russkij;;Rhosskiy
########################################;;;;
#Africa;;;;
########################################;;;;
#Mali;;;;
##################;;;;
e_mali;Mali;Mali;;Mali
e_mali_adj;Malian;Malian;;Malian
k_ghana;Ghana;Wagadu;;Wagadu
k_ghana_adj;Ghana;Wagadian;;Wagadian
k_mali;Mali;Mali;;Mali
k_mali_adj;Malian;Malinese;;Malinese
d_ghana;Ghana;Wagadu;;Wagadu
d_ghana_adj;Ghana;Wagadian;;Wagadian
d_mema;Méma;Mema;;Mema
d_mema_adj;Méma;Meman;;Meman
d_tagant;Tagant;Tagant;;Tagant
d_tagant_adj;Tagant;Taganti;;Taganti
d_oualata;Oualata;Walata;;Walata
d_oualata_adj;Oualata;Walatan;;Walatan
d_mali;Mali;Mali;;Mali
d_mali_adj;Malian;Malinese;;Malinese
d_bambuk;Bambouk;Bambuk;;Bambuk
d_bambuk_adj;Bambouk;Bambuki;;Bambuki
d_kala;Kala;Kala;;Kala
d_kala_adj;Kala;Kalan;;Kalan
d_wolof;Jolof;Wolof;;Wolof
d_wolof_adj;Wolof;Wolofi;;Wolofi
k_songhay;;Songhay;;Songhay
k_songhay_adj;;Songhayí;;Songhayí
d_songhay;Songhai;Songhay;;Songhay
d_songhay_adj;Songhai;Songhayí;;Songhayí
d_mossi;Mossi;Mossi;;Mossi
d_mossi_adj;Mossi;Mossí;;Mossí
###########;;;;
#North Africa;;;;
###########;;;;
e_africa;Africa;Africa;;Africa
e_africa_adj;African;African;;African
k_africa;;Ifriqiya;Africae;Ifriqiya
k_africa_adj;Ifriqiyan;Ifriqi;;Ifriqi
k_mauretania;Mauretania;Mauretania;;Mauretania
k_mauretania_adj;Mauretanian;Mauretani;;Mauretani
d_tunis;;Ifriqiya;Africa Proconsularis;Ifriqiya
d_tunis_adj;Ifriqiyan;Ifriqi;;Ifriqi
d_qamuda;;Qamuda;Byzacena;Qamuda
d_qamuda_adj;Sidi Bouzid;Qamudi;;Qamudi
d_tripolitania;Tripolitania;Tripolitania;;Tripolitania
d_tripolitania_adj;Tripolitanian;Tripolitani;;Tripolitani
d_kabylia;;Kabylia;Numidia Cirtensis;Kabylia
d_kabylia_adj;Kabyle;Kabyli;;Kabyli
d_zab;;Zab;Numidia Militiana;Zab
d_zab_adj;Zab;Zabi;;Zabi
d_alger;;Tahart;Mauretania Caesariensis;Tahart
d_alger_adj;Tiaret;Taharti;;Taharti
d_tlemcen;;Tilimsan;Mauretania Siga;Tilimsan
d_tlemcen_adj;Tlemcen;Tilimsani;;Tilimsani
d_tangiers;;Tanja;Mauretania Tingitana;Tanja
d_tangiers_adj;Tangier;Tanji;;Tanji
d_fes;;Fas;Mauretania Volubilis;Fas
d_fes_adj;Fes;Fasi;;Fasi
d_marrakech;Marrakesh;Marrakush;;Marrakush
d_marrakech_adj;Marrakesh;Marrakushi;;Marrakushi
d_draa;Draa;Draa;;Draa
d_draa_adj;Draa;Drai;;Drai
d_adrar;Adrar;Adrar;;Adrar
d_adrar_adj;Adrar;Adrari;;Adrari
d_taghaza;Taghaza;Taghaza;;Taghaza
d_taghaza_adj;Taghaza;Taghazi;;Taghazi
d_takrur;Takrur;Takrur;;Takrur
d_takrur_adj;Takrur;Takrurí;;Takrurí
#Egypt;;;;
k_egypt;;Misr;Aegyptus,Aigyptos;Misr
k_egypt_adj;Egyptian;Misri;;Misri
d_alexandria;;Iskandariya;Aegyptus,Aigyptos;Iskandariya
d_alexandria_adj;Alexandrian;Iskandariyi;;Iskandariyi
d_damietta;;Dumiyát;Augustamnica,Augustamnike;Dumiyát
d_damietta_adj;Damietta;Dumiyátí;;Dumiyátí
d_cairo;;Qáhira;Arcadia,Arkadia;Qáhira
d_cairo_adj;Cairene;Qáhirí;;Qáhirí
d_alwahat;Al Wahat;Al Wahát;;
d_alwahat_adj;Al Wahat;Al Wahátí;;
d_aswan;;Al-Sa'íd;Thebais,Thebaïs;Al-Sa'íd
d_aswan_adj;Upper Egyptian;Al-Sa'ídí;;Al-Sa'ídí
d_cyrenaica;;Barqa;Libya Pentapolis;Barqa
d_cyrenaica_adj;Cyrenaican;Barqí;;Barqí
d_nubia;Nubia;Nubia;;Nubia
d_nubia_adj;Nubian;Nibian;;Nibian
#;;;;
k_tuat;Tuat;Tuat;;Tuat
k_tuat_adj;Tuat;Tuatian;;Tuatian
k_hoggar;Hoggar;Hoggar;;Hoggar
k_hoggar_adj;Hoggar;Hoggarian;;Hoggarian
k_air;Aïr;Air;;Air
k_air_adj;Aïr;Airian;;
k_kawar;Kaouar;Kawar;;Kawar
k_kawar_adj;Kaouar;Kawarian;;
k_mzab;M'zab;Mzab;;Mzab
k_mzab_adj;Mozabite;Mzabian;;Mzabian
k_tibesti;Tibesti;Tibesti;;Tibesti
k_tibesti_adj;Tibesti;Tibestian;;Tibestian
k_fezzan;Fezzan;Fezzan;;Fezzan
k_fezzan_adj;Fezzan;Fezzanian;;Fezzanian
#;;;;
#########;;;;
#Canaries;;;;
#########;;;;
k_canarias;the Canary Islands;Canarias;Canarias,Kanar;Canarias
k_canarias_adj;Canarian;Canarian;;Canarian
d_canarias;the Canary Islands;Canarias;Canarias,Kanar;Canarias
d_canarias_adj;Canarian;Canaria;;Canaria
d_madeira;Madeira;Madeira;Leiname,Lolegname,Erythia;Madeira
d_madeira_adj;Madeiran;Madeiran;;Madeiran
########;;;;
d_silla;Silla;Silla;;Silla
d_silla_adj;Silla;Sillan;;Sillan
k_takrur;Takrur;Takrur;;Takrur
k_takrur_adj;Takrur;Takrurí;;Takrurí
k_sennar;Sennar;Sennar;;Sennar
k_sennar_adj;Sennar;Sennarí;;Sennarí
k_maikelebahr;Medri Bahri;Maikele Bahr;;Maikele Bahr
k_maikelebahr_adj;Medri Bahri;Maikele Bahrí;;Maikele Bahrí
d_aydhab;‘Aydhab;Aydhab;;Aydhab
d_aydhab_adj;‘Aydhab;Aydhabí;;Aydhabí
d_alodia;Alodia;Alodia;;Alodia
d_alodia_adj;Alodian;Alodian;;Alodian
d_nobatia;Nobatia;Nobatia;;Nobatia
d_nobatia_adj;Nobatian;Nobatian;;Nobatian
k_kanem;Kanem;Kanem;;Kanem
k_kanem_adj;Kanembu;Kanemí;;Kanemí
k_bornu;Bornu;Bornu;;Bornu
k_bornu_adj;Bornu;Bornu;;Bornu
d_bornu;Bornu;Bornu;;Bornu
d_bornu_adj;Bornu;Bornu;;Bornu
d_kanem;Kanem;Kanem;;Kanem
d_kanem_adj;Kanembu;Kanemí;;Kanemí
d_wadai;Wadai;Wadai;;Wadai
d_wadai_adj;Wadai;Wadaí;;Wadaí
k_hausaland;Hausaland;Hausaland;;Hausaland
k_hausaland_adj;Hausa;of Hausaland;;of Hausaland
d_kano;Kano;Kano;;Kano
d_kano_adj;Kano;Kano;;Kano
d_kebbi;Kebbi;Kebbi;;Kebbi
d_kebbi_adj;Kebbi;Kebbi;;Kebbi
d_gobir;Gobir;Gobir;;Gobir
d_gobir_adj;Gobir;Gobirí;;Gobirí
d_kassala;Kassala;Kassala;;Kassala
d_kassala_adj;Kassala;Kassalí;;Kassalí
d_darfur;Darfur;Darfur;;Darfur
d_darfur_adj;Darfuri;Darfurí;;Darfurí
d_elatrun;El Atrun;El Atrún;;El Atrún
d_elatrun_adj;El Atrun;Atrúní;;Atrúní
k_darfur;Darfur;Darfur;;Darfur
k_darfur_adj;Darfuri;Darfurí;;Darfurí
########;;;;
d_amhara;Amhara;Amhara;;Amhara
d_amhara_adj;Amhara;Amharan;;Amharan
d_damot;Damot;Da'mot;;Da'mot
d_damot_adj;Damot;Da'mot;;Da'mot
d_badi;Badi;Badi;;Badi
d_badi_adj;Badi;Badian;;Badian
d_afar;Afar;Afar;;Afar
d_afar_adj;Afar;Afari;;Afari
d_ifat;Ifat;Ifat;;Ifat
d_ifat_adj;Ifat;Ifati;;Ifati
d_berbera;Berbera;Berbera;;Berbera
d_berbera_adj;Berbera;Berberi;;Berberi
d_tedjoura;Tadjoura;Tadjoura;;Tadjoura
d_tedjoura_adj;Tadjoura;Tadjouri;;Tadjouri
########;;;;
k_adal;Adal;Adal;;Adal
k_adal_adj;Adalite;Adali;;Adali
###############################;;;;
#Brittish Isles;;;;
###############################;;;;
e_britannia;Great Britain;Britannia;Prydein,Brythain,Cruithn,Bryttania,Bretland,Bretaigne,Albion;Britannia
e_britannia_adj;British;British;;British
d_hereford;Hereford;Mercia;Hereford,Mierce,Dobunnia;Mercia
d_hereford_adj;Hereford;Mercian;;Mercian
d_channel_islands;Channel Islands;Îles d'la Manche;Îles d'la Manche,Ynysoedd y Sianel,Inizi Mor Breizh,Oileáin na Bhriotáin;Îles d'la Manche
d_channel_islands_adj;Channel Island;Îles d'la Manche;;Îles d'la Manche
d_cornwall;Cornwall;Cornwall;Cornweal,Dumnonia;Cornwall
d_cornwall_adj;Cornish;Cornish;;Cornish
d_norfolk;Norfolk;East Anglia;Norfolk,Austængle,Éastængle,Caer Went;East Anglia
d_norfolk_adj;Norfolk;East Anglian;;East Anglian
d_essex;Essex;Essex;Austseaxe,Eastseaxe,Caer Colun;Essex
d_essex_adj;Essex;Essexan;;Essexan
d_fivebouroughs;the Five Boroughs of the Danelaw;The Five Boroughs;Fimm Borginn,þá Fíf Byrg,Les Cinq Bourgs,Elmet,Elfed;The Five Boroughs
d_fivebouroughs_adj;Five Boroughs;Five Boroughish;;Five Boroughish
d_canterbury;Kent;Kent;Surrey,Cent,Ceint;Kent
d_canterbury_adj;Kentish;Kentish;;Kentish
d_lancaster;Lancaster;Lancaster;Lonceaster,Loncastre,Rhedged;Lancaster
d_lancaster_adj;Lancastrian;Lancastern;;Lancastern
d_bedford;Bedford;Middle Anglia;Bedford,Miðængle,Middleængle,Calchwynedd,Cynwidion;Middle Anglia
d_bedford_adj;Bedford;Middle Anglian;;Middle Anglian
d_northumberland;Northumberland;Northumberland;Norðhymbraland,Norþhymbraland,Brynaich;Northumberland
d_northumberland_adj;Northumbrian;Northumbrian;;Northumbrian
d_somerset;Somerset;Wessex;Somerset,Westseaxe,Caer Gwynntguic;Wessex
d_somerset_adj;Somerset;Wessexish;;Wessexish
d_york;York;York;Jorvík,Eoforwic,Deifr,Évèroui,Eboracum,Eborakon;York
d_york_adj;York;Yorkish;;Yorkish
#Ireland;;;;
k_ireland;Ireland;Éire;Éire,Èirinn,Nerin,Iwerddon,Íraland,Ireland;
k_ireland_adj;Irish;hÉireann;;
d_oneill;O'Neill;O'Neill;Uí Néill;O'Neill
d_oneill_adj;O'Neill;O'Neill;;O'Neill
d_airgialla;Airgíalla;Airgíalla;Airgíalla,Oirialla,Oriel;Airgíalla
d_airgialla_adj;Airgíallan;Airgíallan;;Airgíallan
d_breifne;Breifne;Breifne;Bréifne,Breffny;Breifne
d_breifne_adj;Breifne;Breifnian;;Breifnian
d_thomond;Thomond;Thomond;Tuadhmhumhain;Thomond
d_thomond_adj;Thomond;Thomondian;;Thomondian
d_ossory;Ossory;Ossory;Osraige;Ossory
d_ossory_adj;Ossory;Ossoryan;;Ossoryan
d_meath;Meath;Mide;Mide,Mee,Miðr;Mide
d_meath_adj;Meath;Midenan;;Midenan
##########;;;;
#Mann;;;;
k_ellan_vannin;the Isles;Man;Dál Riata,Vannin,Manav,Manau,Mann,Mön;Man
k_ellan_vannin_adj;Isles;Mannish;;Mannish
#;;;;
d_ellan_vannin;Isle of Man;Man;Mano,Vannin,Manau,Mann,Mön;Man
d_ellan_vannin_adj;Manx;Mannish;;Mannish
#;;;;
d_western_isles;Outer Hebrides;Outer Hebrides;Innse Gall,Outer Hebrides,Suðreyjar;Outer Hebrides
d_western_isles_adj;Outer Hebridean;Outer Hebridan;;Outer Hebridan
#;;;;
d_hebrides;Inner Hebrides;Inner Hebrides;Airer Ghaidheal,Laithlinn,Inner Hebrides;Inner Hebrides
d_hebrides_adj;Inner Hebridean;Inner Hebridan;;Inner Hebridan
#;;;;
d_orkney;Orkney;Orkney;Norðreyjar,Arcaibh;Orkney
d_orkney_adj;Orcadian;Orkneyan;;Orkneyan
######;;;;
k_scotland;Scotland;Alba;Alba,Scotland,Skotlandi;Alba
#;;;;
d_galloway;Galloway;Galloway;Gall Ghaidheal,Galloway;Galloway
d_galloway_adj;Galloway;Gallowayan;;Gallowayan
#;;;;
d_lothian;Lothian;Lothian;Lodainn,Lleuddiniawn,Lothian;Lothian
d_lothian_adj;Lothian;Lothian;;Lothian
#;;;;
d_albany;Scotland;Albany;An Mhaorine,Albany;Albany
d_albany_adj;Scottish;Alban;;Alban
#;;;;
d_moray;Moray;Moray;Moireabh,Moireibh,Moray;Moray
d_moray_adj;Moray;Morayan;;Morayan
#;;;;
d_aberdeen;Aberdeen;Aberdeen;Obar Dheathain,Aberdeen;Aberdeen
d_aberdeen_adj;Aberdeen;Aberdeenan;;Aberdeenan
#;;;;
d_highlands;the Scottish Highlands;Highlands;A' Ghaidhealtachd,Highlands;Highlands
d_highlands_adj;Highlander;Higlander;;Higlander
#;;;;
d_strathclyde;Strathclyde;Strathclyde;Alt Chluaidh,Strathclyde,Ystrad Clut;Strathclyde
d_strathclyde_adj;Strathclyde;Strathclydeish;;Strathclydeish
#########;;;;
#Wales;;;;
k_wales;Wales;Wales;Cymru,Wales,Wealas,Bretland;Wales
k_wales_adj;Welsh;Welsh;;Welsh
d_deheubarth;Deheubarth;Deheubarth;Deheubarth;Deheubarth
d_deheubarth_adj;Deheubarth;Deheubarthish;;Deheubarthish
d_gwynedd;Gwynedd;Gwynedd;Gwynedd;Gwynedd
d_gwynedd_adj;Gwynedd;Gwyneddish;;Gwyneddish
d_morgannwg;Glamorgan;Glamorgan;Morgannwg,Glamorgan;Glamorgan
d_morgannwg_adj;Glamorgan;Glamorganish;;Glamorganish
d_powys;Powys;Powis;Powys,Powis;Powis
d_powys_adj;Powys;Powish;;Powish
###############;;;;
#Byzzie Balkans;;;;
###############;;;;
#Ragusa;;;;
d_ragusa;Dubrovnik;Dubrovnik;Ragusa,Ragusium,Raguia;Ragusa
d_ragusa_adj;Dubrovnik;Dubrovnikan;;Ragusan
k_ragusa;Dubrovnik;Dubrovnik;;Ragusa
k_ragusa_adj;Dubrovnik;Dubrovnikan;;Ragusan
#Serbia;;;;
k_serbia;;Srbija;Serblías,Rashkës,Moesia Prima;Serbia
k_serbia_adj;Serbian;Srbi;;Serbian
d_rashka;;Raška;Serblías,Rashkës,Moesia Prima;Rascia
d_rashka_adj;Raška;Raškan;;Rascian
d_hum;;Zahumlje;Hum,Zachloumia,Chelmania;Hum
d_hum_adj;Zachlumian;Zahumljean;;Huminan
d_dioclea;;Zeta;Diokleia,Dioclea,Iskodra;Zeta
d_dioclea_adj;Shkodër;Zetan;;Zetan
#Bulgaria;;;;
k_bulgaria;Bulgaria;Balgariya;;Bulgaria
k_bulgaria_adj;Bulgarian;Bâlgarski;;Bulgarian
d_ohrid;Skopje;Ohrid;Bulgaria,Üsküp;Ohrid
d_ohrid_adj;Skopje;Ohridan;;Ohridan
d_turnovo;;Tarnovo;Paristrion,Nigbolu;Paristrion
d_turnovo_adj;Veliko Tarnovo;Tarnovoan;;Bulgarian
d_karvuna;Dobruja;Karvuna;Mikrá Skythia,Dobruja;
d_karvuna_adj;Dobrujan;Karvunan;;
d_vidin;Vidin;Vidin;Bononia,Bodony,Diiu;Vidin
d_vidin_adj;Vidin;Vidinan;;Vidinan
d_adrianopolis;;Plovdiv;Maqaduniya,Rumelî,Makedonía,Philippopolis;
d_adrianopolis_adj;Plovdiv;Plovdivian;;
#######################;;;;
#Byzzie;;;;
#######################;;;;
e_byzantium;;Basileia Rhõmaiõn;Imperium Romaniae,Rómverska keisaradæmið,Rzímská Rzíse,Római Birodalom,Cesarstwo Rzymski,Rimsko Carstvo,Rimsku Imperiju,Rimsko Cesárstvo,Rimskaya Imperiya,Rimska Imperiya,Imperiul Roman,Perandoria Romake,Hrromeakan Kaysrut'yun,Romis Imperia;Roman Empire
e_byzantium_adj;;Rhõmaiõn;;
k_byzantium;;Thessalonika;Thessalonique,Tessalonica,Thessalonikes;Thessalonika
k_byzantium_adj;;Thessalonikan;;Thessalonian
k_anatolia;;Ikonion;Rûm,Anatolie;Iconion
k_anatolia_adj;;Ikonian;;Anatolian
k_nikaea;;Nikaia;;Nicaea
k_nikaea_adj;;Nikaian;;Nicaean
k_epirus;;Epeiros;Épire,Epirus;Epirus
k_epirus_adj;;Epirote;;Epirene
k_cilician;;Kilikia;Cilicie;Cilicia
k_cilician_adj;;Kilikyan;;Cilician
k_candia;;Kretes;Candie,Candia;
k_candia_adj;;Kretan;;
k_achaea_adj;;Morean;;
k_achaea;;Moréos;Achaïe,Achaia;
k_cyprus;;Kyprou;Chypre,Cipro;
k_cyprus_adj;;Kyprouan;;
k_trebizond;;Trebizond;;
k_trebizond_adj;;Trebizondian;;
d_dyrrachion_adj;;Dyrrachian;;
d_dyrrachion;;Dyrráchiou;Drac,Durazzo,Durazzu,Durazo,Durrës,Diraç;
d_epirus_adj;;Nikopolean;;
d_epirus;;Nikopoleos;Épire,Epirus,Yanya;
d_cephalonia_adj;;Kephalenian;;
d_cephalonia;;Kephallenias;Cefalonia,Céphalonie,Yedi Adalar;
d_athens_adj;;Helládic;;Hellenic
d_athens;;Helládos;Athènes,Atene,Atenes,Atina;Hellas
d_achaia_adj;;Peloponnesian;;
d_achaia;;Peloponnesou;Achaïe,Achaia,Morâ;
d_neopatras_adj;;Vlachian;;
d_neopatras;;Megále Vlachía;Neopatras,Neopatrie,Neopatria,Tesalya;
d_thessalonika_adj;;Thessalonikan;;
d_thessalonika;;Thessalonikes;Thessalonique,Tessalonica,Solun,Selânik;
d_strymon_adj;;Strymonian;;Greek
d_strymon;;Strymonos;Serez;Strymon
d_thrace_adj;;Thracian;;
d_thrace;;Thrakes;Thrace,Trakija,Trakya;
d_samos_adj;;Samian;;
d_samos;;Samou;Izmir,Aydin;
d_opsikon_adj;;Opsikian;;
d_opsikon;;Opsikion;Nicée,Nicea,Nîqîyah,Hüdavendigâr;
d_optimatoi_adj;;Optimatian;;
d_optimatoi;;Optimàton;Nicomédie,Nicomedia,Niqmûdiyah,Koca-eli;
d_paphlagonia_adj;;Paphlagonian;;
d_paphlagonia;;Paphlagonias;Paphlagonie,Paphlagonia,Kastamûniyye;
d_boukellarion_adj;;Boukellarian;;
d_boukellarion;;Boukellarion;Bucellaires,Engürü;
d_anatolia_adj;;Anatolian;;
d_anatolia;;Anatolikon;Rûm;
d_cibyrrhaeot_adj;;Kibyrrhaiotan;;
d_cibyrrhaeot;;Kibyrrhaioton;Cibyrrhéotes,Cibirreoti,Menteše;
d_cappadocia_adj;;Kappadokian;;
d_cappadocia;;Kappadokias;Nigde;
d_charsianon_adj;;Kharsianian;;
d_charsianon;;Kharsianoù;Gesaria,Césarée,Kayseriyye;
d_cyprus_adj;;Kyprouan;;Nicosian
d_cyprus;;Kyprou;Qubrus,Kibris,Chypre,Cipro;Nicosia
d_thracesia_adj;;Thrakesian;;
d_thracesia;;Thrakesion;Ala Šehir;
d_krete_adj;;Kretan;;
d_krete;;Kretes;Candie,Candia,Girit,Iqritish;
d_aegean_islands_adj;;Aigaían;;
d_aegean_islands;;Aigaiou Pelàgous;dell'arcipelago;
d_armeniacon_adj;;Armeniakan;;
d_armeniacon;;Armeniakon;Amasiyya,Amasée;
d_trebizond_adj;;Chaldian;;
d_trebizond;;Chaldia;Trabzun,Trapizon,T'rap'izoni,Chaldée,Chaldia;
d_cherson;;Chersonessos;Gothia,Theodoro,Cherson,Korsun,Sudaq,Kefe;
d_cherson_adj;Chersonese;Chersonessosan;;
d_sebasteia_adj;;Sebasteian;;
d_sebasteia;;Sebasteias;Sebasta,Sébaste,Sivas;
d_coloneia_adj;;Koloneian;;
d_coloneia;;Koloneias;Colonée,Divrigi;
d_lykandos_adj;;Lykandian;;
d_lykandos;;Lykàndou;Ablustain,Ablastayn,Elbistan;
d_seleukeia_adj;;Kilikían;;Cilicia Trachean
d_seleukeia;;Kilikía Thrakeía;Silifke,Qarâman,Selewkia,Cilicie Trachée;Cilicia Trachea
d_armenia_minor_adj;;Kilikían;;Cilicia Pediasen
d_armenia_minor;;Kilikía Pediás;Atanâ,Kilikia,Cilicie;Cilicia Pedias
###################;;;;
#Steppes;;;;
###################;;;;
#Khazaria;;;;
k_khazaria;;Qazarstan;Qasarstan,Ho-sastan,Xäzärstan,Qazahrstan,Khazarstan,Xazarstán,Chazaria,Xazir-k',Xazar'i,Cassaria,Hazarstan,Kozariaia,Chazarsko,Kozaria,Kozarye,Kozária,Kozárstan;
k_khazaria_adj;;Qazar;;
#;;;;
d_tmutarakan;;Tamatarkha;Tamanas,Perateia,Tmutarakan,Cassaria,Hermonassa,Samkarsh,Matrika;
d_tmutarakan_adj;;Tamatarkhan;;
#;;;;
d_azov;;Azaq;Tana,Buzan,Jazy,Azak,Azow,Azova,Azov,Tanais,Asow;
d_azov_adj;;Azaqan;;
#;;;;
d_itil;;Itil;Etil,Idhel,Jul,Ejil,Edil,Idil,Atil,Sari-Su,Atel,Vl'ga,Volha;Atil
d_itil_adj;;Itilan;;Atil
#;;;;
d_saray;;Saray;Ugru,Sarai;
d_saray_adj;;Sarayan;;
###########;;;;
#Alania;;;;
k_alania;;Alania;Ovset'i,Alauni,Al-Lan,Aslar,Aslär;
k_alania_adj;;Alanian;;
#;;;;
d_alania;;Alania;Ovset'i,Alauni,Al-Lan,Aslar,Aslär;
d_alania_adj;;Alanian;;
#;;;;
d_sarir;;Sarir;Serir,Al-Sarir,Gunjet'i;
d_sarir_adj;;Sariran;;
#;;;;
d_zichia;;Adyghe Khaeku;Zichia,Sicia,Sikhiya,Jiket'i,Ziquia,Zikhiya,Tcherkezistan,Sircasaa,Kassogye,Cherkezistan;
d_zichia_adj;;Adyghe;;
######################;;;;
#Pontic steepes;;;;
k_taurica;;Qirim;Skythia,Dikoye Pole,Dzikie Pola,Divoká Pole,Divoké Polia,Dykra,Oium;Crimea
k_taurica_adj;;Qiriman;;Crimean
#;;;;
d_crimea;;Qirim;Krym,Krymas,Taurike;
d_crimea_adj;;Qirimian;;
#;;;;
d_sarkel;;Duna-Jük;Levédia,Levedia,Lebedia,Buzan-Jük;
d_sarkel_adj;;Duna-Jükan;;
#;;;;
d_zaporizhia;;Özü;Danapris,Var,Danaper,Zaporozh'ye,Zaporoze,Zaporojia,Slavutych,Özi,Barouch;
d_zaporizhia_adj;;Özüan;;
#;;;;
d_podolia;;Yedisan;Podole,Podolí,Ponyzziye,Ponyzzia,Podolia,Podólia;
d_podolia_adj;;Yedisanish;;
#;;;;
d_vorksla;;Vorskla;Worskla,Vorskla,Vor'skol;
d_vorksla_adj;;Vorsklan;;
########;;;;
#Volga Bulgaria;;;;
########;;;;
k_volga_bulgaria;;Bolgar;Povolzhye,Dentü-Mogyer,Bulgar;
k_volga_bulgaria_adj;;Bolgar;;
k_volga_bulgaria_russian;;Povolzhyeskiy;;
k_volga_bulgaria_hungarian;;Dentü-Mogyerian;;
#;;;;
d_bulgar;;Bolgar;Bulgar;
d_bulgar_adj;;Bolgar;;
#;;;;
d_podonye;;Qaratayak;Podonye,Voronežas,Woronesch,Voronež;
d_podonye_adj;;Qaratayakan;;
#;;;;
d_samara;;Samar;Samara;
d_samara_adj;;Samar;;
#;;;;
d_mordva;;Mokša;Mäqshä,Mukshi,Muqshi,Jov;Mordva
d_mordva_adj;;Mokšan;;Mordvan
#;;;;
d_sura;;Sura;Šur,Sär,Siri;
d_sura_adj;;Suran;;
#;;;;
d_bashkirs;;Bashqurdlar;Baškirye,Baškiria,Bašqurdlär,Bashghirdistan,al-Bashghird;
d_bashkirs_adj;;Bashqurd;;
######################;;;;
#Finnish lands;;;;
######################;;;;
#Perm and Bjarmia;;;;
k_bjarmia;;Vepsänma;Vepsija,Zavoloch'ye,Zavolochia,Tšuudmi,Bjarmaland,Beormaland,Bjarmalandi;
k_bjarmia_adj;;Vepsänmaish;;
#;;;;
d_bjarmia;;Výnva;Dviná,Dwina,Dvina,Viena;Bjarmia
d_bjarmia_adj;;Výnvan;;Bjarmiaskiy
#;;;;
d_onega;;Änine;Onega,Äänis;
d_onega_adj;;Änineish;;
#;;;;
d_pechora;;Pechöra;Pechora,Saneroyakha;
d_pechora_adj;;Pechöran;;
#;;;;
k_perm;;Perym;Didžioji Permé,Perm' Velikaya,Wielki Perm,Velká Perm;
k_perm_adj;;Perymish;;
#;;;;
d_perm;;Perym;Permé,Perm',Perm;
d_perm_adj;;Perym;;
#;;;;
d_perm_vychegda;;Ežva;Vychegda,Viçegda;
d_perm_vychegda_adj;;Ežva;;
#;;;;
d_pelym;;Polum;Pelym;
d_pelym_adj;;Polum;;
#;;;;
d_vyatka;;Vice;Vyatka,Nukhrat,Noqrat;
d_vyatka_adj;;Vicen;;
#Finland;;;;
k_finland;Finland;Suomi;Østærland,Österland,Finlandi,Cwenaland,Suomi;Finland
k_finland_adj;Finnish;Suomalainen;;Finnish
d_finland;Finland;Suomi;Østærland,Österland,Finlandi,Suomi;Finland
d_finland_adj;Finnish;Suomalainen;;Finnish
d_sampi;Lapland;Sámpi;;Sámpi
d_sampi_adj;Sami;Lappish;;Lappish
d_ingria;Ingria;Ingria;;Ingria
d_ingria_adj;Ingrian;Ingrian;;Ingrian
d_viipuri;Vyborg;Viipuri;Viipurii,Vyborg;Viborg
d_viipuri_adj;Vyborg;Viipuriesko;;Viborgian
######################;;;;
#Baltics;;;;
######################;;;;
#Wendland;;;;
k_pomerania;Pomerania;Wendland;Winedaland,Vindarland;Wendland
k_pomerania_adj;Wendish;Vendi;;Wendish
d_lausitz;Lusatia;Lausitz;;Lausitz
d_lausitz_adj;;Lausitzische;;Lausitzsche
d_lubusz;;Lebus;Lubusz,Lubuš;Lebus
d_lubusz_adj;Lubusz;Lubuska;;Lubuska
#Livonia;;;;
k_terra;;Livonia;Liivinmaa,Liivimaa,Lïvõmõ,Livonija,Livland,Liwoni,Livonsko;Livonia
k_terra_adj;Livonian;Livonian;;Livonian
#;;;;
d_talava;;Tholowa;Tãlava,Lotygola,Lotowa;Talava
d_talava_adj;Talavian;Talavian;;
#;;;;
d_livonia;;Livland;Liivinmaa,Liivimaa,Lïvõmõ,Livonija,Liwoni,Livonsko,Livland;Saare-Lääne
d_livonia_adj;Livonian;Livonian;;Saare-Läänian
#;;;;
d_zemigalia;Semigallia;Zemgali;Zemgãl,Ziemgala,Zemgale,Semigalia,Semgallen;Zemgali
d_zemigalia_adj;Semigallian;Zemgalian;;Zemgalian
#;;;;
d_osel_wiek;Ösel–Wiek;Ösel–Wiek;Saare-Lääne;Ösel–Wiek
d_osel_wiek_adj;Ösel–Wiek;Saare-Läänian;;Saare-Läänian
#;;;;
d_dorpat;Ugandi;Ugandi;Ugandi,Ugaunija,Dorpat;Ugandi
d_dorpat_adj;Ugaunian;Ugandian;;Ugandian
#;;;;
d_lettigale;;Gerzike;Jersika,Gersik,Zadzwinskie;Lettigallen
d_lettigale_adj;Latgalian;Lettigallian;;Lettigallian
##############################################;;;;
#Persia;;;;
##############################################;;;;
e_persia_adj;;Érání;;
e_persia;;Érán;;
k_turkestan_west_adj;;WestTurkestání;;
k_turkestan_west;;West Turkestán;;
k_turkestan_east_adj;;EastTurkestání;;
k_turkestan_east;;East Turkestán;;
k_sistan_adj;;Sístání;;
k_sistan;;Sístán;;
k_persia_adj;;Pársí;;
k_persia;;Pársa;;
k_mavarannahr_adj;;Mavár-an-Nahrí;;
k_mavarannahr;;Mavár-an-Nahr;Sogdiana,Sogdiane;
k_khorasan_adj;;Khoarásání;;
k_khorasan;;Khoarásán;;
k_kafarestan_adj;;Kábulistání;;
k_kafarestan;;Kábulistán;;
k_daylam_adj;Gilan;Daylamí;;Daylamí
k_daylam;Gilan;Daylam;;Daylam
d_zhyetsu_adj;;Zhetisu;;
d_zhyetsu;;Zhetisu;;
d_zabolestan_adj;;Zábolestání;;
d_zabolestan;;Zábolestán;;
d_ustyurt_adj;;Ust-Yurt;;
d_ustyurt;;Ust-Yurt;;
d_tabarestan_adj;;Tabarestání;;
d_tabarestan;;Tabarestán;;
d_soghd_adj;;Soghdí;;
d_soghd;;Soghd;Sogdiana,Sogdiane;
d_sistan_adj;Sistan;Sístání;;Sístání
d_sistan;Sistan;Sístán;;Sístán
d_shash_adj;;Cháchí;;
d_shash;;Chách;;
d_qocho_adj;;Qochoí;;
d_qocho;;Qocho;;
d_nishapur_adj;;Níshápúrí;;
d_nishapur;;Níshápúr;Hyrcania,Hyrkania;
d_merv_adj;;Marï;;
d_merv;;Marï;;
d_makran_adj;Makran;Makrání;;Makrání
d_makran;Makran;Makrán;Gedrosia;Makrán
d_khwarazm_adj;;Khorazmí;;
d_khwarazm;;Khorazm;;
d_khottal_adj;;Khatlóní;;
d_khottal;;Khatlón;;
d_khoar_adj;Khoar;Khoarí;;Khoarí
d_khoar;Khoar;Khoar;;Khoar
d_kerman_adj;;Kermání;;
d_kerman;;Kermán;Carmania,Karmania;
d_kashgar_adj;;Kashgarí;;
d_kashgar;;Kashgar;;
d_jebal_adj;;Jebalí;;
d_jebal;;Jebal;;
d_jand_adj;;Jandí;;
d_jand;;Jand;;
d_herat_adj;;Herátí;;
d_herat;;Herát;Aria,Areia;
d_gurgan_adj;;Gorgání;;
d_gurgan;;Gorgán;;
d_gilan_adj;;Gílání;;
d_gilan;;Gílán;;
d_ferghana_adj;;Ferghána;;
d_ferghana;;Ferghána;;
d_fars_adj;;Pársí;;
d_fars;;Párs;Persis;
d_dasht-i-qipchaq_adj;;Dasht-e-Qipchaqí;;
d_dasht-i-qipchaq;;Dasht-e-Qipchaq;;
d_balkh_adj;;Balkhí;;
d_balkh;;Balkh;Bactriana,Baktriane;
d_ayaguz_adj;;Ayaguzí;;
d_ayaguz;;Ayaguz;;
d_ahwaz_adj;;Ahwází;;
d_ahwaz;;Ahwáz;Susiana,Sousiane;
d_ustrushana;;Ustrushání;;
d_ustrushana_adj;;Ustrushána;;
d_jungaria;;Jungaria;;
d_jungaria_adj;;Jungarian;;
d_qohistan;;Qohistan;;
d_qohistan_adj;;Qohistani;;
d_mafaza;;Mafáza;;
d_mafaza_adj;;Mafází;;
#;;;;
d_dehestan;Dahae;Dehestán;;Dehestán
d_dehestan_adj;Dahae;Dehestání;;Dehestání
d_hamadan;Khuzestan;Khúzestán;;Khúzestán
d_hamadan_adj;Khuzi;Khúzestání;;Khúzestání
d_hormuz;;Hormuz;;Kermán
d_hormuz_adj;;Hormuzí;;Kermání
d_birjand;Qohestan;Qóhestán;;Qóhestán
d_birjand_adj;Qohestan;Qóhestání;;Qóhestání
d_tabriz;Gilan;Daylam;;Daylam
d_tabriz_adj;Gilan;Daylamí;;Daylamí
k_maghreb;Maghreb;Maghreb;;Maghreb
k_maghreb_adj;Maghrebi;Maghrebian;;Maghrebian
#####################;;;;
#Scandinavia;;;;
#####################;;;;
e_scandinavia;Denmark;Nordmannia;Norðurríki,Thule;Nordmannia
e_scandinavia_adj;Danish;Nordmannian;;Nordmannian
#;;;;
k_norway;Norway;Norégr;;Norway
k_norway_adj;Norwegian;Norskr;;Norwegian
#;;;;
d_ostlandet;Viken;Víken;;Víken
d_ostlandet_adj;;Víkian;;Vikan
d_trondelag;Trøndelag;Þrœndalóg;;Þrœndalóg
d_trondelag_adj;Trønder;Þróndr;;Þróndr
d_vestlandet;Bergen;Biorgvin;;Biorgvin
d_vestlandet_adj;Hordalending;Horðr;;Horðr
d_jamtland;Jämtland;Jamtaland;;Jamtaland
d_jamtland_adj;Jamtish;Jamtalandr;;Jamtalandr
d_opplandene;the Uplands;Upplondum;Uppland;Upplondum
d_opplandene_adj;Uplands;Upplondr;;Upplondr
d_more;Møre og Romsdal;Mœri;;Mœri
d_more_adj;Møring;Mœrir;;Mœrir
d_halogaland;Hålogaland;Hálogaland;;Hálogaland
d_halogaland_adj;Hålogaland;Hálogalandr;;Hálogalandr
d_faereyar;Faroe Islands;Faereyar;;Faereyar
d_faereyar_adj;Faroese;Faereyar;;Faereyar
##;;;;
k_sweden;Sweden;Sviaríki;Sviþjod;Sweden
k_sweden_adj;Swedish;Svenskr;;Swedish
#;;;;
#;;;;
d_halsingland;Hälsingland;Hälsingland;;Hälsingland
d_halsingland_adj;;Hälsinglandish;;Norrländish
d_sodermandland;;Södermanland;;
d_sodermandland_adj;;Södermanish;;
d_gotland;;Gotland;Gautland,Gulland;
d_gotland_adj;;Gotlandish;;
###;;;;
k_denmark;Denmark;Danmark;Denemearc,Danmörk;Denmark
k_denmark_adj;Danish;Danskr;;Danish
#;;;;
d_jylland;;Jutland;Jütland;Jylland
d_jylland_adj;;Jutlandish;;Jyllandian
d_slesvig;;Sliesvík;Schleswig,Sleswig,Sillende,Sillendi,Sleeswyk;Schleswig
d_slesvig_adj;Sleswickian;Sliesvíkr;;Schleswigian
d_halland;;Halland;;
d_halland_adj;;Hallandish;;
#;;;;
d_sjaelland;;Syaland;;Syäland
d_sjaelland_adj;;Syalandish;;Syälander
#;;;;
d_bornholm;Bornholm;Burghændæholm;Borgundarhólmi;Burghændæholm
d_bornholm_adj;Bornholm;Burghændæholmr;;Burghændæholmr
#;;;;
d_skane;Scania;Skaane;Sconeg;Skane
d_skane_adj;Scanian;Skaanske;;Skanske
##Iceland;;;;
k_iceland;Iceland;Ísland;;Iceland
k_iceland_adj;;Íslandskr;;Icelandic
d_iceland;Iceland;Ísland;;Iceland
d_iceland_adj;Icelandic;Íslandskr;;Icelandic
##########################;;;;
#Caucasus;;;;
###########;;;;
##;;;;
#Armenia;;;;
k_armenia;Armenia;Hayk;;Armenia
k_armeina_adj;Armenian;Hayeren;;Armenian
d_vaspurakan;;Vaspurakan;Vaasprakania,Van,Wan;Vaspurakan
d_vaspurakan_adj;;Vaspurakanian;;Armenian
d_suenik;;Xa'cen;Sünik;Suenik
d_suenik_adj;;Khachenian;;Armenian
d_tao;Tayk;Tayk;;Tayk
d_tao_adj;;Taykian;;Anatolian
d_amida;;Amid;Aghdznik,Arzanene,Diyar-i Bekr,Diyar Bakr,Amed;
d_amida_adj;;Amidan;;
d_taron;;Tarawn;Taron,Ahlat,Minazjird,Malazgird;
d_taron_adj;;Tarawnian;;
d_mesopotamia;;Mesopotamias;Dzopk,Erzen er-Rûm,Arzan ar-Rûm,Erzîrom;Taron
d_mesopotamia_adj;;Mesopotamian;;Armenian
d_armenia;;Hayk;Hayk,Anion,al-Arminiya,Ermenistan,Anî;
d_armenia_adj;;Haykian;;
#;;;;
k_georgia;;Sakartvelo;Iberia;Georgia
k_georgia_adj;;Kartvelebi;;Georgian
d_kakheti;;Kaxet'i;;Kakheti
d_kakheti_adj;;Kaxet'ian;;
d_abkhazia;;Ap'xazet'i;Lazica,Lazike;
d_abkhazia_adj;;Apxazebi;;
d_kartli;;K'art'li;Iberia;
d_kartli_adj;;Kartlebi;;
##Shirvan/Arran;;;;
k_caucasian_albania;;Arran;;
k_caucasian_albania_adj;;Arran;;
d_shirvan;;Shirwan;;
d_shirvan_adj;;Shirwani;;
d_derbent;;Derbend;;
d_derbent_adj;;Derbendi;;
d_albania;;Arran;;Albania
d_albania_adj;;Arrani;;Albanian
